# (c) Statistisches Landesamt Baden-Württemberg, Stuttgart 2021;;;;;;
# ;;;;;;
# Wahlkreise und zugeordnete Stadt- und Landkreise sowie Gemeinden bei der Wahl zum 17. Landtag von Baden-Württemberg am 14. März 2021;;;;;;
# ;;;;;;
# Stand: 22.02.2021;;;;;;
# ;;;;;;
;;;;;;
Wahlkreisnummer;Wahlkreisname;Kreis-Kennziffer;Kreisname;Gemeindekennziffer;Gemeindename;Stadtbezirke, -teile
01;Stuttgart I;08111;Stadtkreis Stuttgart;08111000;Stuttgart, Landeshauptstadt;Stuttgart-Mitte, Stuttgart-Nord, Stuttgart- Süd, Stuttgart-West, Stadtteile Gänsheide und Uhlandshöhe des Stadtbezirks Stuttgart-Ost
02;Stuttgart II;08111;Stadtkreis Stuttgart;08111000;Stuttgart, Landeshauptstadt;Birkach, Degerloch, Möhringen, Plieningen, Sillenbuch, Vaihingen
03;Stuttgart III;08111;Stadtkreis Stuttgart;08111000;Stuttgart, Landeshauptstadt;Botnang, Feuerbach, Mühlhausen ohne den Stadtteil Neugereut, Münster, Stammheim, Weilimdorf, Zuffenhausen
04;Stuttgart IV;08111;Stadtkreis Stuttgart;08111000;Stuttgart, Landeshauptstadt;Stuttgart-Ost ohne Stadtteile Gänsheide und Uhlandshöhe, Bad Cannstatt, Hedelfingen, Obertürkheim, Untertürkheim, Wangen, Stadtteil Neugereut des Stadtbezirks Mühlhausen
05;Böblingen;08115;Böblingen;08115002;Altdorf;
05;Böblingen;08115;Böblingen;08115003;Böblingen, Stadt;
05;Böblingen;08115;Böblingen;08115013;Ehningen;
05;Böblingen;08115;Böblingen;08115015;Gärtringen;
05;Böblingen;08115;Böblingen;08115022;Hildrizhausen;
05;Böblingen;08115;Böblingen;08115024;Holzgerlingen, Stadt;
05;Böblingen;08115;Böblingen;08115029;Magstadt;
05;Böblingen;08115;Böblingen;08115044;Schönaich;
05;Böblingen;08115;Böblingen;08115045;Sindelfingen, Stadt;
05;Böblingen;08115;Böblingen;08115046;Steinenbronn;
05;Böblingen;08115;Böblingen;08115048;Waldenbuch, Stadt;
05;Böblingen;08115;Böblingen;08115051;Weil im Schönbuch;
06;Leonberg;08115;Böblingen;08115001;Aidlingen;
06;Leonberg;08115;Böblingen;08115004;Bondorf;
06;Leonberg;08115;Böblingen;08115010;Deckenpfronn;
06;Leonberg;08115;Böblingen;08115016;Gäufelden;
06;Leonberg;08115;Böblingen;08115021;Herrenberg, Stadt;
06;Leonberg;08115;Böblingen;08115028;Leonberg, Stadt;
06;Leonberg;08115;Böblingen;08115034;Mötzingen;
06;Leonberg;08115;Böblingen;08115037;Nufringen;
06;Leonberg;08115;Böblingen;08115041;Renningen, Stadt;
06;Leonberg;08115;Böblingen;08115042;Rutesheim, Stadt;
06;Leonberg;08115;Böblingen;08115050;Weil der Stadt, Stadt;
06;Leonberg;08115;Böblingen;08115052;Weissach;
06;Leonberg;08115;Böblingen;08115053;Jettingen;
06;Leonberg;08115;Böblingen;08115054;Grafenau;
07;Esslingen;08116;Esslingen;08116015;Denkendorf;
07;Esslingen;08116;Esslingen;08116019;Esslingen am Neckar, Stadt;
07;Esslingen;08116;Esslingen;08116047;Neuhausen auf den Fildern;
07;Esslingen;08116;Esslingen;08116073;Wolfschlugen;
07;Esslingen;08116;Esslingen;08116076;Aichwald;
07;Esslingen;08116;Esslingen;08116080;Ostfildern, Stadt;
08;Kirchheim;08116;Esslingen;08116004;Altbach;
08;Kirchheim;08116;Esslingen;08116007;Baltmannsweiler;
08;Kirchheim;08116;Esslingen;08116012;Bissingen an der Teck;
08;Kirchheim;08116;Esslingen;08116014;Deizisau;
08;Kirchheim;08116;Esslingen;08116016;Dettingen unter Teck;
08;Kirchheim;08116;Esslingen;08116018;Erkenbrechtsweiler;
08;Kirchheim;08116;Esslingen;08116027;Hochdorf;
08;Kirchheim;08116;Esslingen;08116029;Holzmaden;
08;Kirchheim;08116;Esslingen;08116033;Kirchheim unter Teck, Stadt;
08;Kirchheim;08116;Esslingen;08116035;Köngen;
08;Kirchheim;08116;Esslingen;08116037;Lichtenwald;
08;Kirchheim;08116;Esslingen;08116043;Neidlingen;
08;Kirchheim;08116;Esslingen;08116048;Notzingen;
08;Kirchheim;08116;Esslingen;08116050;Oberboihingen;
08;Kirchheim;08116;Esslingen;08116053;Ohmden;
08;Kirchheim;08116;Esslingen;08116054;Owen, Stadt;
08;Kirchheim;08116;Esslingen;08116056;Plochingen, Stadt;
08;Kirchheim;08116;Esslingen;08116068;Unterensingen;
08;Kirchheim;08116;Esslingen;08116070;Weilheim an der Teck, Stadt;
08;Kirchheim;08116;Esslingen;08116071;Wendlingen am Neckar, Stadt;
08;Kirchheim;08116;Esslingen;08116072;Wernau (Neckar), Stadt;
08;Kirchheim;08116;Esslingen;08116079;Lenningen;
09;Nürtingen;08116;Esslingen;08116005;Altdorf;
09;Nürtingen;08116;Esslingen;08116006;Altenriet;
09;Nürtingen;08116;Esslingen;08116008;Bempflingen;
09;Nürtingen;08116;Esslingen;08116011;Beuren;
09;Nürtingen;08116;Esslingen;08116020;Frickenhausen;
09;Nürtingen;08116;Esslingen;08116022;Großbettlingen;
09;Nürtingen;08116;Esslingen;08116036;Kohlberg;
09;Nürtingen;08116;Esslingen;08116041;Neckartailfingen;
09;Nürtingen;08116;Esslingen;08116042;Neckartenzlingen;
09;Nürtingen;08116;Esslingen;08116046;Neuffen, Stadt;
09;Nürtingen;08116;Esslingen;08116049;Nürtingen, Stadt;
09;Nürtingen;08116;Esslingen;08116063;Schlaitdorf;
09;Nürtingen;08116;Esslingen;08116077;Filderstadt, Stadt;
09;Nürtingen;08116;Esslingen;08116078;Leinfelden-Echterdingen, Stadt;
09;Nürtingen;08116;Esslingen;08116081;Aichtal, Stadt;
10;Göppingen;08116;Esslingen;08116058;Reichenbach an der Fils;
10;Göppingen;08117;Göppingen;08117001;Adelberg;
10;Göppingen;08117;Göppingen;08117009;Birenbach;
10;Göppingen;08117;Göppingen;08117011;Börtlingen;
10;Göppingen;08117;Göppingen;08117018;Ebersbach an der Fils, Stadt;
10;Göppingen;08117;Göppingen;08117019;Eislingen/Fils, Stadt;
10;Göppingen;08117;Göppingen;08117026;Göppingen, Stadt;
10;Göppingen;08117;Göppingen;08117038;Rechberghausen;
10;Göppingen;08117;Göppingen;08117044;Schlierbach;
10;Göppingen;08117;Göppingen;08117051;Uhingen, Stadt;
10;Göppingen;08117;Göppingen;08117053;Wäschenbeuren;
10;Göppingen;08117;Göppingen;08117055;Wangen;
11;Geislingen;08117;Göppingen;08117002;Aichelberg;
11;Geislingen;08117;Göppingen;08117003;Albershausen;
11;Geislingen;08117;Göppingen;08117006;Bad Ditzenbach;
11;Geislingen;08117;Göppingen;08117007;Bad Überkingen;
11;Geislingen;08117;Göppingen;08117010;Böhmenkirch;
11;Geislingen;08117;Göppingen;08117012;Bad Boll;
11;Geislingen;08117;Göppingen;08117014;Deggingen;
11;Geislingen;08117;Göppingen;08117015;Donzdorf, Stadt;
11;Geislingen;08117;Göppingen;08117016;Drackenstein;
11;Geislingen;08117;Göppingen;08117017;Dürnau;
11;Geislingen;08117;Göppingen;08117020;Eschenbach;
11;Geislingen;08117;Göppingen;08117023;Gammelshausen;
11;Geislingen;08117;Göppingen;08117024;Geislingen an der Steige, Stadt;
11;Geislingen;08117;Göppingen;08117025;Gingen an der Fils;
11;Geislingen;08117;Göppingen;08117028;Gruibingen;
11;Geislingen;08117;Göppingen;08117029;Hattenhofen;
11;Geislingen;08117;Göppingen;08117030;Heiningen;
11;Geislingen;08117;Göppingen;08117031;Hohenstadt;
11;Geislingen;08117;Göppingen;08117033;Kuchen;
11;Geislingen;08117;Göppingen;08117035;Mühlhausen im Täle;
11;Geislingen;08117;Göppingen;08117037;Ottenbach;
11;Geislingen;08117;Göppingen;08117042;Salach;
11;Geislingen;08117;Göppingen;08117043;Schlat;
11;Geislingen;08117;Göppingen;08117049;Süßen, Stadt;
11;Geislingen;08117;Göppingen;08117058;Wiesensteig, Stadt;
11;Geislingen;08117;Göppingen;08117060;Zell unter Aichelberg;
11;Geislingen;08117;Göppingen;08117061;Lauterstein, Stadt;
12;Ludwigsburg;08118;Ludwigsburg;08118003;Asperg, Stadt;
12;Ludwigsburg;08118;Ludwigsburg;08118046;Kornwestheim, Stadt;
12;Ludwigsburg;08118;Ludwigsburg;08118048;Ludwigsburg, Stadt;
12;Ludwigsburg;08118;Ludwigsburg;08118051;Möglingen;
12;Ludwigsburg;08118;Ludwigsburg;08118071;Tamm;
12;Ludwigsburg;08118;Ludwigsburg;08118081;Remseck am Neckar, Stadt;
13;Vaihingen;08118;Ludwigsburg;08118010;Bönnigheim, Stadt;
13;Vaihingen;08118;Ludwigsburg;08118011;Ditzingen, Stadt;
13;Vaihingen;08118;Ludwigsburg;08118012;Eberdingen;
13;Vaihingen;08118;Ludwigsburg;08118019;Gerlingen, Stadt;
13;Vaihingen;08118;Ludwigsburg;08118027;Hemmingen;
13;Vaihingen;08118;Ludwigsburg;08118050;Markgröningen, Stadt;
13;Vaihingen;08118;Ludwigsburg;08118059;Oberriexingen, Stadt;
13;Vaihingen;08118;Ludwigsburg;08118067;Schwieberdingen;
13;Vaihingen;08118;Ludwigsburg;08118068;Sersheim;
13;Vaihingen;08118;Ludwigsburg;08118073;Vaihingen an der Enz, Stadt;
13;Vaihingen;08118;Ludwigsburg;08118076;Sachsenheim, Stadt;
13;Vaihingen;08118;Ludwigsburg;08118080;Korntal-Münchingen, Stadt;
14;Bietigheim-Bissingen;08118;Ludwigsburg;08118001;Affalterbach;
14;Bietigheim-Bissingen;08118;Ludwigsburg;08118006;Benningen am Neckar;
14;Bietigheim-Bissingen;08118;Ludwigsburg;08118007;Besigheim, Stadt;
14;Bietigheim-Bissingen;08118;Ludwigsburg;08118014;Erdmannhausen;
14;Bietigheim-Bissingen;08118;Ludwigsburg;08118015;Erligheim;
14;Bietigheim-Bissingen;08118;Ludwigsburg;08118016;Freudental;
14;Bietigheim-Bissingen;08118;Ludwigsburg;08118018;Gemmrigheim;
14;Bietigheim-Bissingen;08118;Ludwigsburg;08118021;Großbottwar, Stadt;
14;Bietigheim-Bissingen;08118;Ludwigsburg;08118028;Hessigheim;
14;Bietigheim-Bissingen;08118;Ludwigsburg;08118040;Kirchheim am Neckar;
14;Bietigheim-Bissingen;08118;Ludwigsburg;08118047;Löchgau;
14;Bietigheim-Bissingen;08118;Ludwigsburg;08118049;Marbach am Neckar, Stadt;
14;Bietigheim-Bissingen;08118;Ludwigsburg;08118053;Mundelsheim;
14;Bietigheim-Bissingen;08118;Ludwigsburg;08118054;Murr;
14;Bietigheim-Bissingen;08118;Ludwigsburg;08118060;Oberstenfeld;
14;Bietigheim-Bissingen;08118;Ludwigsburg;08118063;Pleidelsheim;
14;Bietigheim-Bissingen;08118;Ludwigsburg;08118070;Steinheim an der Murr, Stadt;
14;Bietigheim-Bissingen;08118;Ludwigsburg;08118074;Walheim;
14;Bietigheim-Bissingen;08118;Ludwigsburg;08118077;Ingersheim;
14;Bietigheim-Bissingen;08118;Ludwigsburg;08118078;Freiberg am Neckar, Stadt;
14;Bietigheim-Bissingen;08118;Ludwigsburg;08118079;Bietigheim-Bissingen, Stadt;
15;Waiblingen;08119;Rems-Murr-Kreis;08119020;Fellbach, Stadt;
15;Waiblingen;08119;Rems-Murr-Kreis;08119041;Korb;
15;Waiblingen;08119;Rems-Murr-Kreis;08119042;Leutenbach;
15;Waiblingen;08119;Rems-Murr-Kreis;08119068;Schwaikheim;
15;Waiblingen;08119;Rems-Murr-Kreis;08119079;Waiblingen, Stadt;
15;Waiblingen;08119;Rems-Murr-Kreis;08119085;Winnenden, Stadt;
16;Schorndorf;08119;Rems-Murr-Kreis;08119055;Plüderhausen;
16;Schorndorf;08119;Rems-Murr-Kreis;08119061;Rudersberg;
16;Schorndorf;08119;Rems-Murr-Kreis;08119067;Schorndorf, Stadt;
16;Schorndorf;08119;Rems-Murr-Kreis;08119076;Urbach;
16;Schorndorf;08119;Rems-Murr-Kreis;08119086;Winterbach;
16;Schorndorf;08119;Rems-Murr-Kreis;08119090;Remshalden;
16;Schorndorf;08119;Rems-Murr-Kreis;08119091;Weinstadt, Stadt;
16;Schorndorf;08119;Rems-Murr-Kreis;08119093;Kernen im Remstal;
17;Backnang;08119;Rems-Murr-Kreis;08119001;Alfdorf;
17;Backnang;08119;Rems-Murr-Kreis;08119003;Allmersbach im Tal;
17;Backnang;08119;Rems-Murr-Kreis;08119004;Althütte;
17;Backnang;08119;Rems-Murr-Kreis;08119006;Auenwald;
17;Backnang;08119;Rems-Murr-Kreis;08119008;Backnang, Stadt;
17;Backnang;08119;Rems-Murr-Kreis;08119018;Burgstetten;
17;Backnang;08119;Rems-Murr-Kreis;08119024;Großerlach;
17;Backnang;08119;Rems-Murr-Kreis;08119037;Kaisersbach;
17;Backnang;08119;Rems-Murr-Kreis;08119038;Kirchberg an der Murr;
17;Backnang;08119;Rems-Murr-Kreis;08119044;Murrhardt, Stadt;
17;Backnang;08119;Rems-Murr-Kreis;08119053;Oppenweiler;
17;Backnang;08119;Rems-Murr-Kreis;08119069;Spiegelberg;
17;Backnang;08119;Rems-Murr-Kreis;08119075;Sulzbach an der Murr;
17;Backnang;08119;Rems-Murr-Kreis;08119083;Weissach im Tal;
17;Backnang;08119;Rems-Murr-Kreis;08119084;Welzheim, Stadt;
17;Backnang;08119;Rems-Murr-Kreis;08119087;Aspach;
17;Backnang;08119;Rems-Murr-Kreis;08119089;Berglen;
18;Heilbronn;08121;Stadtkreis Heilbronn;08121000;Heilbronn, Universitätsstadt;
18;Heilbronn;08125;Heilbronn;08125030;Flein;
18;Heilbronn;08125;Heilbronn;08125058;Leingarten, Stadt;
18;Heilbronn;08125;Heilbronn;08125074;Nordheim;
18;Heilbronn;08125;Heilbronn;08125094;Talheim;
19;Eppingen;08125;Heilbronn;08125001;Abstatt;
19;Eppingen;08125;Heilbronn;08125006;Bad Rappenau, Stadt;
19;Eppingen;08125;Heilbronn;08125008;Beilstein, Stadt;
19;Eppingen;08125;Heilbronn;08125013;Brackenheim, Stadt;
19;Eppingen;08125;Heilbronn;08125017;Cleebronn;
19;Eppingen;08125;Heilbronn;08125026;Eppingen, Stadt;
19;Eppingen;08125;Heilbronn;08125034;Gemmingen;
19;Eppingen;08125;Heilbronn;08125038;Güglingen, Stadt;
19;Eppingen;08125;Heilbronn;08125046;Ilsfeld;
19;Eppingen;08125;Heilbronn;08125047;Ittlingen;
19;Eppingen;08125;Heilbronn;08125049;Kirchardt;
19;Eppingen;08125;Heilbronn;08125056;Lauffen am Neckar, Stadt;
19;Eppingen;08125;Heilbronn;08125061;Massenbachhausen;
19;Eppingen;08125;Heilbronn;08125066;Neckarwestheim;
19;Eppingen;08125;Heilbronn;08125081;Pfaffenhofen;
19;Eppingen;08125;Heilbronn;08125086;Schwaigern, Stadt;
19;Eppingen;08125;Heilbronn;08125087;Siegelsbach;
19;Eppingen;08125;Heilbronn;08125098;Untergruppenbach;
19;Eppingen;08125;Heilbronn;08125108;Zaberfeld;
20;Neckarsulm;08125;Heilbronn;08125005;Bad Friedrichshall, Stadt;
20;Neckarsulm;08125;Heilbronn;08125007;Bad Wimpfen, Stadt;
20;Neckarsulm;08125;Heilbronn;08125021;Eberstadt;
20;Neckarsulm;08125;Heilbronn;08125024;Ellhofen;
20;Neckarsulm;08125;Heilbronn;08125027;Erlenbach;
20;Neckarsulm;08125;Heilbronn;08125039;Gundelsheim, Stadt;
20;Neckarsulm;08125;Heilbronn;08125048;Jagsthausen;
20;Neckarsulm;08125;Heilbronn;08125057;Lehrensteinsfeld;
20;Neckarsulm;08125;Heilbronn;08125059;Löwenstein, Stadt;
20;Neckarsulm;08125;Heilbronn;08125063;Möckmühl, Stadt;
20;Neckarsulm;08125;Heilbronn;08125065;Neckarsulm, Stadt;
20;Neckarsulm;08125;Heilbronn;08125068;Neudenau, Stadt;
20;Neckarsulm;08125;Heilbronn;08125069;Neuenstadt am Kocher, Stadt;
20;Neckarsulm;08125;Heilbronn;08125078;Oedheim;
20;Neckarsulm;08125;Heilbronn;08125079;Offenau;
20;Neckarsulm;08125;Heilbronn;08125084;Roigheim;
20;Neckarsulm;08125;Heilbronn;08125096;Untereisesheim;
20;Neckarsulm;08125;Heilbronn;08125102;Weinsberg, Stadt;
20;Neckarsulm;08125;Heilbronn;08125103;Widdern, Stadt;
20;Neckarsulm;08125;Heilbronn;08125107;Wüstenrot;
20;Neckarsulm;08125;Heilbronn;08125110;Obersulm;
20;Neckarsulm;08125;Heilbronn;08125111;Hardthausen am Kocher;
20;Neckarsulm;08125;Heilbronn;08125113;Langenbrettach;
21;Hohenlohe;08126;Hohenlohekreis;08126011;Bretzfeld;
21;Hohenlohe;08126;Hohenlohekreis;08126020;Dörzbach;
21;Hohenlohe;08126;Hohenlohekreis;08126028;Forchtenberg, Stadt;
21;Hohenlohe;08126;Hohenlohekreis;08126039;Ingelfingen, Stadt;
21;Hohenlohe;08126;Hohenlohekreis;08126045;Krautheim, Stadt;
21;Hohenlohe;08126;Hohenlohekreis;08126046;Künzelsau, Stadt;
21;Hohenlohe;08126;Hohenlohekreis;08126047;Kupferzell;
21;Hohenlohe;08126;Hohenlohekreis;08126056;Mulfingen;
21;Hohenlohe;08126;Hohenlohekreis;08126058;Neuenstein, Stadt;
21;Hohenlohe;08126;Hohenlohekreis;08126060;Niedernhall, Stadt;
21;Hohenlohe;08126;Hohenlohekreis;08126066;Öhringen, Stadt;
21;Hohenlohe;08126;Hohenlohekreis;08126069;Pfedelbach;
21;Hohenlohe;08126;Hohenlohekreis;08126072;Schöntal;
21;Hohenlohe;08126;Hohenlohekreis;08126085;Waldenburg, Stadt;
21;Hohenlohe;08126;Hohenlohekreis;08126086;Weißbach;
21;Hohenlohe;08126;Hohenlohekreis;08126094;Zweiflingen;
21;Hohenlohe;08127;Schwäbisch Hall;08127008;Blaufelden;
21;Hohenlohe;08127;Schwäbisch Hall;08127009;Braunsbach;
21;Hohenlohe;08127;Schwäbisch Hall;08127032;Gerabronn, Stadt;
21;Hohenlohe;08127;Schwäbisch Hall;08127047;Langenburg, Stadt;
21;Hohenlohe;08127;Schwäbisch Hall;08127075;Schrozberg, Stadt;
21;Hohenlohe;08127;Schwäbisch Hall;08127086;Untermünkheim;
22;Schwäbisch Hall;08127;Schwäbisch Hall;08127012;Bühlertann;
22;Schwäbisch Hall;08127;Schwäbisch Hall;08127013;Bühlerzell;
22;Schwäbisch Hall;08127;Schwäbisch Hall;08127014;Crailsheim, Stadt;
22;Schwäbisch Hall;08127;Schwäbisch Hall;08127023;Fichtenberg;
22;Schwäbisch Hall;08127;Schwäbisch Hall;08127025;Gaildorf, Stadt;
22;Schwäbisch Hall;08127;Schwäbisch Hall;08127043;Ilshofen, Stadt;
22;Schwäbisch Hall;08127;Schwäbisch Hall;08127046;Kirchberg an der Jagst, Stadt;
22;Schwäbisch Hall;08127;Schwäbisch Hall;08127052;Mainhardt;
22;Schwäbisch Hall;08127;Schwäbisch Hall;08127056;Michelbach an der Bilz;
22;Schwäbisch Hall;08127;Schwäbisch Hall;08127059;Michelfeld;
22;Schwäbisch Hall;08127;Schwäbisch Hall;08127062;Oberrot;
22;Schwäbisch Hall;08127;Schwäbisch Hall;08127063;Obersontheim;
22;Schwäbisch Hall;08127;Schwäbisch Hall;08127071;Rot am See;
22;Schwäbisch Hall;08127;Schwäbisch Hall;08127073;Satteldorf;
22;Schwäbisch Hall;08127;Schwäbisch Hall;08127076;Schwäbisch Hall, Stadt;
22;Schwäbisch Hall;08127;Schwäbisch Hall;08127079;Sulzbach-Laufen;
22;Schwäbisch Hall;08127;Schwäbisch Hall;08127089;Vellberg, Stadt;
22;Schwäbisch Hall;08127;Schwäbisch Hall;08127091;Wallhausen;
22;Schwäbisch Hall;08127;Schwäbisch Hall;08127099;Wolpertshausen;
22;Schwäbisch Hall;08127;Schwäbisch Hall;08127100;Rosengarten;
22;Schwäbisch Hall;08127;Schwäbisch Hall;08127101;Kreßberg;
22;Schwäbisch Hall;08127;Schwäbisch Hall;08127102;Fichtenau;
22;Schwäbisch Hall;08127;Schwäbisch Hall;08127103;Frankenhardt;
22;Schwäbisch Hall;08127;Schwäbisch Hall;08127104;Stimpfach;
23;Main-Tauber;08128;Main-Tauber-Kreis;08128006;Assamstadt;
23;Main-Tauber;08128;Main-Tauber-Kreis;08128007;Bad Mergentheim, Stadt;
23;Main-Tauber;08128;Main-Tauber-Kreis;08128014;Boxberg, Stadt;
23;Main-Tauber;08128;Main-Tauber-Kreis;08128020;Creglingen, Stadt;
23;Main-Tauber;08128;Main-Tauber-Kreis;08128039;Freudenberg, Stadt;
23;Main-Tauber;08128;Main-Tauber-Kreis;08128045;Großrinderfeld;
23;Main-Tauber;08128;Main-Tauber-Kreis;08128047;Grünsfeld, Stadt;
23;Main-Tauber;08128;Main-Tauber-Kreis;08128058;Igersheim;
23;Main-Tauber;08128;Main-Tauber-Kreis;08128061;Königheim;
23;Main-Tauber;08128;Main-Tauber-Kreis;08128064;Külsheim, Stadt;
23;Main-Tauber;08128;Main-Tauber-Kreis;08128082;Niederstetten, Stadt;
23;Main-Tauber;08128;Main-Tauber-Kreis;08128115;Tauberbischofsheim, Stadt;
23;Main-Tauber;08128;Main-Tauber-Kreis;08128126;Weikersheim, Stadt;
23;Main-Tauber;08128;Main-Tauber-Kreis;08128128;Werbach;
23;Main-Tauber;08128;Main-Tauber-Kreis;08128131;Wertheim, Stadt;
23;Main-Tauber;08128;Main-Tauber-Kreis;08128137;Wittighausen;
23;Main-Tauber;08128;Main-Tauber-Kreis;08128138;Ahorn;
23;Main-Tauber;08128;Main-Tauber-Kreis;08128139;Lauda-Königshofen, Stadt;
24;Heidenheim;08135;Heidenheim;08135010;Dischingen;
24;Heidenheim;08135;Heidenheim;08135015;Gerstetten;
24;Heidenheim;08135;Heidenheim;08135016;Giengen an der Brenz, Stadt;
24;Heidenheim;08135;Heidenheim;08135019;Heidenheim an der Brenz, Stadt;
24;Heidenheim;08135;Heidenheim;08135020;Herbrechtingen, Stadt;
24;Heidenheim;08135;Heidenheim;08135021;Hermaringen;
24;Heidenheim;08135;Heidenheim;08135025;Königsbronn;
24;Heidenheim;08135;Heidenheim;08135026;Nattheim;
24;Heidenheim;08135;Heidenheim;08135027;Niederstotzingen, Stadt;
24;Heidenheim;08135;Heidenheim;08135031;Sontheim an der Brenz;
24;Heidenheim;08135;Heidenheim;08135032;Steinheim am Albuch;
25;Schwäbisch Gmünd;08136;Ostalbkreis;08136002;Abtsgmünd;
25;Schwäbisch Gmünd;08136;Ostalbkreis;08136007;Bartholomä;
25;Schwäbisch Gmünd;08136;Ostalbkreis;08136009;Böbingen an der Rems;
25;Schwäbisch Gmünd;08136;Ostalbkreis;08136015;Durlangen;
25;Schwäbisch Gmünd;08136;Ostalbkreis;08136020;Eschach;
25;Schwäbisch Gmünd;08136;Ostalbkreis;08136021;Essingen;
25;Schwäbisch Gmünd;08136;Ostalbkreis;08136024;Göggingen;
25;Schwäbisch Gmünd;08136;Ostalbkreis;08136027;Gschwend;
25;Schwäbisch Gmünd;08136;Ostalbkreis;08136028;Heubach, Stadt;
25;Schwäbisch Gmünd;08136;Ostalbkreis;08136029;Heuchlingen;
25;Schwäbisch Gmünd;08136;Ostalbkreis;08136034;Iggingen;
25;Schwäbisch Gmünd;08136;Ostalbkreis;08136040;Leinzell;
25;Schwäbisch Gmünd;08136;Ostalbkreis;08136042;Lorch, Stadt;
25;Schwäbisch Gmünd;08136;Ostalbkreis;08136043;Mögglingen;
25;Schwäbisch Gmünd;08136;Ostalbkreis;08136044;Mutlangen;
25;Schwäbisch Gmünd;08136;Ostalbkreis;08136049;Obergröningen;
25;Schwäbisch Gmünd;08136;Ostalbkreis;08136061;Ruppertshofen;
25;Schwäbisch Gmünd;08136;Ostalbkreis;08136062;Schechingen;
25;Schwäbisch Gmünd;08136;Ostalbkreis;08136065;Schwäbisch Gmünd, Stadt;
25;Schwäbisch Gmünd;08136;Ostalbkreis;08136066;Spraitbach;
25;Schwäbisch Gmünd;08136;Ostalbkreis;08136070;Täferrot;
25;Schwäbisch Gmünd;08136;Ostalbkreis;08136079;Waldstetten;
26;Aalen;08136;Ostalbkreis;08136003;Adelmannsfelden;
26;Aalen;08136;Ostalbkreis;08136010;Bopfingen, Stadt;
26;Aalen;08136;Ostalbkreis;08136018;Ellenberg;
26;Aalen;08136;Ostalbkreis;08136019;Ellwangen (Jagst), Stadt;
26;Aalen;08136;Ostalbkreis;08136033;Hüttlingen;
26;Aalen;08136;Ostalbkreis;08136035;Jagstzell;
26;Aalen;08136;Ostalbkreis;08136037;Kirchheim am Ries;
26;Aalen;08136;Ostalbkreis;08136038;Lauchheim, Stadt;
26;Aalen;08136;Ostalbkreis;08136045;Neresheim, Stadt;
26;Aalen;08136;Ostalbkreis;08136046;Neuler;
26;Aalen;08136;Ostalbkreis;08136050;Oberkochen, Stadt;
26;Aalen;08136;Ostalbkreis;08136060;Rosenberg;
26;Aalen;08136;Ostalbkreis;08136068;Stödtlen;
26;Aalen;08136;Ostalbkreis;08136071;Tannhausen;
26;Aalen;08136;Ostalbkreis;08136075;Unterschneidheim;
26;Aalen;08136;Ostalbkreis;08136082;Westhausen;
26;Aalen;08136;Ostalbkreis;08136084;Wört;
26;Aalen;08136;Ostalbkreis;08136087;Riesbürg;
26;Aalen;08136;Ostalbkreis;08136088;Aalen, Stadt;
26;Aalen;08136;Ostalbkreis;08136089;Rainau;
27;Karlsruhe I;08212;Stadtkreis Karlsruhe;08212000;Karlsruhe, Stadt;Beiertheim-Bulach, Durlach-Aue, Grötzingen, Grünwettersbach, Hagsfeld, Hohenwettersbach, Innenstadt-Ost, Oststadt, Palmbach, Rintheim, Rüppurr, Stupferich, Südstadt, Waldstadt, Weiherfeld-Dammerstock, Wolfartsweier
28;Karlsruhe II;08212;Stadtkreis Karlsruhe;08212000;Karlsruhe, Stadt;Daxlanden, Grünwinkel, Innenstadt-West, Knielingen, Mühlburg, Neureut, Nordstadt, Nordweststadt, Oberreut, Südweststadt, Weststadt
29;Bruchsal;08215;Karlsruhe;08215009;Bruchsal, Stadt;
29;Bruchsal;08215;Karlsruhe;08215021;Forst;
29;Bruchsal;08215;Karlsruhe;08215029;Hambrücken;
29;Bruchsal;08215;Karlsruhe;08215039;Kronau;
29;Bruchsal;08215;Karlsruhe;08215064;Östringen, Stadt;
29;Bruchsal;08215;Karlsruhe;08215066;Philippsburg, Stadt;
29;Bruchsal;08215;Karlsruhe;08215084;Ubstadt-Weiher;
29;Bruchsal;08215;Karlsruhe;08215100;Bad Schönborn;
29;Bruchsal;08215;Karlsruhe;08215103;Karlsdorf-Neuthard;
29;Bruchsal;08215;Karlsruhe;08215106;Waghäusel, Stadt;
29;Bruchsal;08215;Karlsruhe;08215107;Oberhausen-Rheinhausen;
30;Bretten;08215;Karlsruhe;08215007;Bretten, Stadt;
30;Bretten;08215;Karlsruhe;08215025;Gondelsheim;
30;Bretten;08215;Karlsruhe;08215040;Kürnbach;
30;Bretten;08215;Karlsruhe;08215059;Oberderdingen;
30;Bretten;08215;Karlsruhe;08215082;Sulzfeld;
30;Bretten;08215;Karlsruhe;08215089;Walzbachtal;
30;Bretten;08215;Karlsruhe;08215090;Weingarten (Baden);
30;Bretten;08215;Karlsruhe;08215094;Zaisenhausen;
30;Bretten;08215;Karlsruhe;08215097;Kraichtal, Stadt;
30;Bretten;08215;Karlsruhe;08215099;Graben-Neudorf;
30;Bretten;08215;Karlsruhe;08215102;Eggenstein-Leopoldshafen;
30;Bretten;08215;Karlsruhe;08215105;Linkenheim-Hochstetten;
30;Bretten;08215;Karlsruhe;08215109;Stutensee, Stadt;
30;Bretten;08215;Karlsruhe;08215111;Dettenheim;
31;Ettlingen;08215;Karlsruhe;08215017;Ettlingen, Stadt;
31;Ettlingen;08215;Karlsruhe;08215046;Malsch;
31;Ettlingen;08215;Karlsruhe;08215047;Marxzell;
31;Ettlingen;08215;Karlsruhe;08215096;Karlsbad;
31;Ettlingen;08215;Karlsruhe;08215101;Pfinztal;
31;Ettlingen;08215;Karlsruhe;08215108;Rheinstetten, Stadt;
31;Ettlingen;08215;Karlsruhe;08215110;Waldbronn;
32;Rastatt;08216;Rastatt;08216002;Au am Rhein;
32;Rastatt;08216;Rastatt;08216005;Bietigheim;
32;Rastatt;08216;Rastatt;08216006;Bischweier;
32;Rastatt;08216;Rastatt;08216009;Durmersheim;
32;Rastatt;08216;Rastatt;08216012;Elchesheim-Illingen;
32;Rastatt;08216;Rastatt;08216013;Forbach;
32;Rastatt;08216;Rastatt;08216015;Gaggenau, Stadt;
32;Rastatt;08216;Rastatt;08216017;Gernsbach, Stadt;
32;Rastatt;08216;Rastatt;08216023;Iffezheim;
32;Rastatt;08216;Rastatt;08216024;Kuppenheim, Stadt;
32;Rastatt;08216;Rastatt;08216029;Loffenau;
32;Rastatt;08216;Rastatt;08216033;Muggensturm;
32;Rastatt;08216;Rastatt;08216039;Ötigheim;
32;Rastatt;08216;Rastatt;08216043;Rastatt, Stadt;
32;Rastatt;08216;Rastatt;08216052;Steinmauern;
32;Rastatt;08216;Rastatt;08216059;Weisenbach;
33;Baden-Baden;08211;Stadtkreis Baden-Baden;08211000;Baden-Baden, Stadt;
33;Baden-Baden;08216;Rastatt;08216007;Bühl, Stadt;
33;Baden-Baden;08216;Rastatt;08216008;Bühlertal;
33;Baden-Baden;08216;Rastatt;08216022;Hügelsheim;
33;Baden-Baden;08216;Rastatt;08216028;Lichtenau, Stadt;
33;Baden-Baden;08216;Rastatt;08216041;Ottersweier;
33;Baden-Baden;08216;Rastatt;08216049;Sinzheim;
33;Baden-Baden;08216;Rastatt;08216063;Rheinmünster;
34;Heidelberg;08221;Stadtkreis Heidelberg;08221000;Heidelberg, Stadt;
35;Mannheim I;08222;Stadtkreis Mannheim;08222000;Mannheim, Universitätsstadt;Käfertal, Neckarstadt-Ost/Wohlgelegen, Neckarstadt-West, Sandhofen, Schönau, Vogelstang, Waldhof, Wallstadt
36;Mannheim II;08222;Stadtkreis Mannheim;08222000;Mannheim, Universitätsstadt;Feudenheim, Friedrichsfeld, Innenstadt/Jungbusch, Lindenhof, Neckarau, Neuostheim/Neuhermsheim, Rheinau, Schwetzingerstadt/Oststadt, Seckenheim
37;Wiesloch;08226;Rhein-Neckar-Kreis;08226010;Dielheim;
37;Wiesloch;08226;Rhein-Neckar-Kreis;08226041;Leimen, Stadt;
37;Wiesloch;08226;Rhein-Neckar-Kreis;08226046;Malsch;
37;Wiesloch;08226;Rhein-Neckar-Kreis;08226054;Mühlhausen;
37;Wiesloch;08226;Rhein-Neckar-Kreis;08226060;Nußloch;
37;Wiesloch;08226;Rhein-Neckar-Kreis;08226065;Rauenberg, Stadt;
37;Wiesloch;08226;Rhein-Neckar-Kreis;08226076;Sandhausen;
37;Wiesloch;08226;Rhein-Neckar-Kreis;08226095;Walldorf, Stadt;
37;Wiesloch;08226;Rhein-Neckar-Kreis;08226098;Wiesloch, Stadt;
37;Wiesloch;08226;Rhein-Neckar-Kreis;08226103;St. Leon-Rot;
38;Neckar-Odenwald;08225;Neckar-Odenwald-Kreis;08225001;Adelsheim, Stadt;
38;Neckar-Odenwald;08225;Neckar-Odenwald-Kreis;08225002;Aglasterhausen;
38;Neckar-Odenwald;08225;Neckar-Odenwald-Kreis;08225009;Billigheim;
38;Neckar-Odenwald;08225;Neckar-Odenwald-Kreis;08225010;Binau;
38;Neckar-Odenwald;08225;Neckar-Odenwald-Kreis;08225014;Buchen (Odenwald), Stadt;
38;Neckar-Odenwald;08225;Neckar-Odenwald-Kreis;08225024;Fahrenbach;
38;Neckar-Odenwald;08225;Neckar-Odenwald-Kreis;08225032;Hardheim;
38;Neckar-Odenwald;08225;Neckar-Odenwald-Kreis;08225033;Haßmersheim;
38;Neckar-Odenwald;08225;Neckar-Odenwald-Kreis;08225039;Höpfingen;
38;Neckar-Odenwald;08225;Neckar-Odenwald-Kreis;08225042;Hüffenhardt;
38;Neckar-Odenwald;08225;Neckar-Odenwald-Kreis;08225052;Limbach;
38;Neckar-Odenwald;08225;Neckar-Odenwald-Kreis;08225058;Mosbach, Stadt;
38;Neckar-Odenwald;08225;Neckar-Odenwald-Kreis;08225060;Mudau;
38;Neckar-Odenwald;08225;Neckar-Odenwald-Kreis;08225064;Neckargerach;
38;Neckar-Odenwald;08225;Neckar-Odenwald-Kreis;08225067;Neckarzimmern;
38;Neckar-Odenwald;08225;Neckar-Odenwald-Kreis;08225068;Neunkirchen;
38;Neckar-Odenwald;08225;Neckar-Odenwald-Kreis;08225074;Obrigheim;
38;Neckar-Odenwald;08225;Neckar-Odenwald-Kreis;08225075;Osterburken, Stadt;
38;Neckar-Odenwald;08225;Neckar-Odenwald-Kreis;08225082;Rosenberg;
38;Neckar-Odenwald;08225;Neckar-Odenwald-Kreis;08225091;Seckach;
38;Neckar-Odenwald;08225;Neckar-Odenwald-Kreis;08225109;Walldürn, Stadt;
38;Neckar-Odenwald;08225;Neckar-Odenwald-Kreis;08225113;Zwingenberg;
38;Neckar-Odenwald;08225;Neckar-Odenwald-Kreis;08225114;Ravenstein, Stadt;
38;Neckar-Odenwald;08225;Neckar-Odenwald-Kreis;08225115;Schefflenz;
38;Neckar-Odenwald;08225;Neckar-Odenwald-Kreis;08225116;Schwarzach;
38;Neckar-Odenwald;08225;Neckar-Odenwald-Kreis;08225117;Elztal;
38;Neckar-Odenwald;08225;Neckar-Odenwald-Kreis;08225118;Waldbrunn;
39;Weinheim;08226;Rhein-Neckar-Kreis;08226012;Dossenheim;
39;Weinheim;08226;Rhein-Neckar-Kreis;08226028;Heddesheim;
39;Weinheim;08226;Rhein-Neckar-Kreis;08226031;Hemsbach, Stadt;
39;Weinheim;08226;Rhein-Neckar-Kreis;08226036;Ilvesheim;
39;Weinheim;08226;Rhein-Neckar-Kreis;08226038;Ladenburg, Stadt;
39;Weinheim;08226;Rhein-Neckar-Kreis;08226040;Laudenbach;
39;Weinheim;08226;Rhein-Neckar-Kreis;08226082;Schriesheim, Stadt;
39;Weinheim;08226;Rhein-Neckar-Kreis;08226096;Weinheim, Stadt;
39;Weinheim;08226;Rhein-Neckar-Kreis;08226105;Edingen-Neckarhausen;
39;Weinheim;08226;Rhein-Neckar-Kreis;08226107;Hirschberg an der Bergstraße;
40;Schwetzingen;08226;Rhein-Neckar-Kreis;08226003;Altlußheim;
40;Schwetzingen;08226;Rhein-Neckar-Kreis;08226009;Brühl;
40;Schwetzingen;08226;Rhein-Neckar-Kreis;08226018;Eppelheim, Stadt;
40;Schwetzingen;08226;Rhein-Neckar-Kreis;08226032;Hockenheim, Stadt;
40;Schwetzingen;08226;Rhein-Neckar-Kreis;08226037;Ketsch;
40;Schwetzingen;08226;Rhein-Neckar-Kreis;08226059;Neulußheim;
40;Schwetzingen;08226;Rhein-Neckar-Kreis;08226062;Oftersheim;
40;Schwetzingen;08226;Rhein-Neckar-Kreis;08226063;Plankstadt;
40;Schwetzingen;08226;Rhein-Neckar-Kreis;08226068;Reilingen;
40;Schwetzingen;08226;Rhein-Neckar-Kreis;08226084;Schwetzingen, Stadt;
41;Sinsheim;08226;Rhein-Neckar-Kreis;08226006;Bammental;
41;Sinsheim;08226;Rhein-Neckar-Kreis;08226013;Eberbach, Stadt;
41;Sinsheim;08226;Rhein-Neckar-Kreis;08226017;Epfenbach;
41;Sinsheim;08226;Rhein-Neckar-Kreis;08226020;Eschelbronn;
41;Sinsheim;08226;Rhein-Neckar-Kreis;08226022;Gaiberg;
41;Sinsheim;08226;Rhein-Neckar-Kreis;08226027;Heddesbach;
41;Sinsheim;08226;Rhein-Neckar-Kreis;08226029;Heiligkreuzsteinach;
41;Sinsheim;08226;Rhein-Neckar-Kreis;08226048;Mauer;
41;Sinsheim;08226;Rhein-Neckar-Kreis;08226049;Meckesheim;
41;Sinsheim;08226;Rhein-Neckar-Kreis;08226055;Neckarbischofsheim, Stadt;
41;Sinsheim;08226;Rhein-Neckar-Kreis;08226056;Neckargemünd, Stadt;
41;Sinsheim;08226;Rhein-Neckar-Kreis;08226058;Neidenstein;
41;Sinsheim;08226;Rhein-Neckar-Kreis;08226066;Reichartshausen;
41;Sinsheim;08226;Rhein-Neckar-Kreis;08226080;Schönau, Stadt;
41;Sinsheim;08226;Rhein-Neckar-Kreis;08226081;Schönbrunn;
41;Sinsheim;08226;Rhein-Neckar-Kreis;08226085;Sinsheim, Stadt;
41;Sinsheim;08226;Rhein-Neckar-Kreis;08226086;Spechbach;
41;Sinsheim;08226;Rhein-Neckar-Kreis;08226091;Waibstadt, Stadt;
41;Sinsheim;08226;Rhein-Neckar-Kreis;08226097;Wiesenbach;
41;Sinsheim;08226;Rhein-Neckar-Kreis;08226099;Wilhelmsfeld;
41;Sinsheim;08226;Rhein-Neckar-Kreis;08226101;Zuzenhausen;
41;Sinsheim;08226;Rhein-Neckar-Kreis;08226102;Angelbachtal;
41;Sinsheim;08226;Rhein-Neckar-Kreis;08226104;Lobbach;
41;Sinsheim;08226;Rhein-Neckar-Kreis;08226106;Helmstadt-Bargen;
42;Pforzheim;08231;Stadtkreis Pforzheim;08231000;Pforzheim, Stadt;
42;Pforzheim;08236;Enzkreis;08236004;Birkenfeld;
42;Pforzheim;08236;Enzkreis;08236013;Engelsbrand;
42;Pforzheim;08236;Enzkreis;08236030;Ispringen;
42;Pforzheim;08236;Enzkreis;08236031;Kieselbronn;
43;Calw;08235;Calw;08235006;Altensteig, Stadt;
43;Calw;08235;Calw;08235007;Althengstett;
43;Calw;08235;Calw;08235008;Bad Liebenzell, Stadt;
43;Calw;08235;Calw;08235018;Dobel;
43;Calw;08235;Calw;08235020;Ebhausen;
43;Calw;08235;Calw;08235022;Egenhausen;
43;Calw;08235;Calw;08235025;Enzklösterle;
43;Calw;08235;Calw;08235029;Gechingen;
43;Calw;08235;Calw;08235032;Haiterbach, Stadt;
43;Calw;08235;Calw;08235033;Bad Herrenalb, Stadt;
43;Calw;08235;Calw;08235035;Höfen an der Enz;
43;Calw;08235;Calw;08235046;Nagold, Stadt;
43;Calw;08235;Calw;08235047;Neubulach, Stadt;
43;Calw;08235;Calw;08235050;Neuweiler;
43;Calw;08235;Calw;08235055;Oberreichenbach;
43;Calw;08235;Calw;08235057;Ostelsheim;
43;Calw;08235;Calw;08235060;Rohrdorf;
43;Calw;08235;Calw;08235065;Schömberg;
43;Calw;08235;Calw;08235066;Simmersfeld;
43;Calw;08235;Calw;08235067;Simmozheim;
43;Calw;08235;Calw;08235073;Unterreichenbach;
43;Calw;08235;Calw;08235079;Bad Wildbad, Stadt;
43;Calw;08235;Calw;08235080;Wildberg, Stadt;
43;Calw;08235;Calw;08235084;Bad Teinach-Zavelstein, Stadt;
43;Calw;08235;Calw;08235085;Calw, Stadt;
44;Enz;08236;Enzkreis;08236011;Eisingen;
44;Enz;08236;Enzkreis;08236019;Friolzheim;
44;Enz;08236;Enzkreis;08236025;Heimsheim, Stadt;
44;Enz;08236;Enzkreis;08236028;Illingen;
44;Enz;08236;Enzkreis;08236033;Knittlingen, Stadt;
44;Enz;08236;Enzkreis;08236038;Maulbronn, Stadt;
44;Enz;08236;Enzkreis;08236039;Mönsheim;
44;Enz;08236;Enzkreis;08236040;Mühlacker, Stadt;
44;Enz;08236;Enzkreis;08236043;Neuenbürg, Stadt;
44;Enz;08236;Enzkreis;08236044;Neuhausen;
44;Enz;08236;Enzkreis;08236046;Niefern-Öschelbronn;
44;Enz;08236;Enzkreis;08236050;Ötisheim;
44;Enz;08236;Enzkreis;08236061;Sternenfels;
44;Enz;08236;Enzkreis;08236062;Tiefenbronn;
44;Enz;08236;Enzkreis;08236065;Wiernsheim;
44;Enz;08236;Enzkreis;08236067;Wimsheim;
44;Enz;08236;Enzkreis;08236068;Wurmberg;
44;Enz;08236;Enzkreis;08236070;Keltern;
44;Enz;08236;Enzkreis;08236071;Remchingen;
44;Enz;08236;Enzkreis;08236072;Straubenhardt;
44;Enz;08236;Enzkreis;08236073;Neulingen;
44;Enz;08236;Enzkreis;08236074;Kämpfelbach;
44;Enz;08236;Enzkreis;08236075;Ölbronn-Dürrn;
44;Enz;08236;Enzkreis;08236076;Königsbach-Stein;
45;Freudenstadt;08237;Freudenstadt;08237002;Alpirsbach, Stadt;
45;Freudenstadt;08237;Freudenstadt;08237004;Baiersbronn;
45;Freudenstadt;08237;Freudenstadt;08237019;Dornstetten, Stadt;
45;Freudenstadt;08237;Freudenstadt;08237024;Empfingen;
45;Freudenstadt;08237;Freudenstadt;08237027;Eutingen im Gäu;
45;Freudenstadt;08237;Freudenstadt;08237028;Freudenstadt, Stadt;
45;Freudenstadt;08237;Freudenstadt;08237030;Glatten;
45;Freudenstadt;08237;Freudenstadt;08237032;Grömbach;
45;Freudenstadt;08237;Freudenstadt;08237040;Horb am Neckar, Stadt;
45;Freudenstadt;08237;Freudenstadt;08237045;Loßburg;
45;Freudenstadt;08237;Freudenstadt;08237054;Pfalzgrafenweiler;
45;Freudenstadt;08237;Freudenstadt;08237061;Schopfloch;
45;Freudenstadt;08237;Freudenstadt;08237072;Wörnersberg;
45;Freudenstadt;08237;Freudenstadt;08237073;Seewald;
45;Freudenstadt;08237;Freudenstadt;08237074;Waldachtal;
45;Freudenstadt;08237;Freudenstadt;08237075;Bad Rippoldsau-Schapbach;
46;Freiburg I;08311;Stadtkreis Freiburg im Breisgau;08311000;Freiburg im Breisgau, Stadt;Altstadt, Ebnet, Günterstal, Herdern, Kappel, Littenweiler, Mittelwiehre, Neuburg, Oberau, Oberwiehre, Waldsee
46;Freiburg I;08315;Breisgau-Hochschwarzwald;08315016;Breitnau;
46;Freiburg I;08315;Breisgau-Hochschwarzwald;08315020;Buchenbach;
46;Freiburg I;08315;Breisgau-Hochschwarzwald;08315031;Eisenbach (Hochschwarzwald);
46;Freiburg I;08315;Breisgau-Hochschwarzwald;08315037;Feldberg (Schwarzwald);
46;Freiburg I;08315;Breisgau-Hochschwarzwald;08315039;Friedenweiler;
46;Freiburg I;08315;Breisgau-Hochschwarzwald;08315041;Glottertal;
46;Freiburg I;08315;Breisgau-Hochschwarzwald;08315047;Gundelfingen;
46;Freiburg I;08315;Breisgau-Hochschwarzwald;08315051;Heuweiler;
46;Freiburg I;08315;Breisgau-Hochschwarzwald;08315052;Hinterzarten;
46;Freiburg I;08315;Breisgau-Hochschwarzwald;08315064;Kirchzarten;
46;Freiburg I;08315;Breisgau-Hochschwarzwald;08315068;Lenzkirch;
46;Freiburg I;08315;Breisgau-Hochschwarzwald;08315070;Löffingen, Stadt;
46;Freiburg I;08315;Breisgau-Hochschwarzwald;08315084;Oberried;
46;Freiburg I;08315;Breisgau-Hochschwarzwald;08315094;St. Märgen;
46;Freiburg I;08315;Breisgau-Hochschwarzwald;08315095;St. Peter;
46;Freiburg I;08315;Breisgau-Hochschwarzwald;08315102;Schluchsee;
46;Freiburg I;08315;Breisgau-Hochschwarzwald;08315109;Stegen;
46;Freiburg I;08315;Breisgau-Hochschwarzwald;08315113;Titisee-Neustadt, Stadt;
46;Freiburg I;08337;Waldshut;08337013;Bernau im Schwarzwald;
46;Freiburg I;08337;Waldshut;08337022;Bonndorf im Schwarzwald, Stadt;
46;Freiburg I;08337;Waldshut;08337027;Dachsberg (Südschwarzwald);
46;Freiburg I;08337;Waldshut;08337039;Grafenhausen;
46;Freiburg I;08337;Waldshut;08337045;Häusern;
46;Freiburg I;08337;Waldshut;08337051;Höchenschwand;
46;Freiburg I;08337;Waldshut;08337059;Ibach;
46;Freiburg I;08337;Waldshut;08337097;St. Blasien, Stadt;
46;Freiburg I;08337;Waldshut;08337108;Todtmoos;
46;Freiburg I;08337;Waldshut;08337127;Wutach;
46;Freiburg I;08337;Waldshut;08337128;Ühlingen-Birkendorf;
47;Freiburg II;08311;Stadtkreis Freiburg im Breisgau;08311000;Freiburg im Breisgau, Stadt;Betzenhausen, Brühl, Haslach, Hochdorf, Landwasser, Lehen, Mooswald, Munzingen, Opfingen, Rieselfeld, St. Georgen, Stühlinger, Tiengen, Unterwiehre, Vauban, Waltershofen, Weingarten, Zähringen
47;Freiburg II;08315;Breisgau-Hochschwarzwald;08315043;Gottenheim;
47;Freiburg II;08315;Breisgau-Hochschwarzwald;08315098;Schallstadt;
47;Freiburg II;08315;Breisgau-Hochschwarzwald;08315115;Umkirch;
47;Freiburg II;08315;Breisgau-Hochschwarzwald;08315132;March;
48;Breisgau;08315;Breisgau-Hochschwarzwald;08315003;Au;
48;Breisgau;08315;Breisgau-Hochschwarzwald;08315004;Auggen;
48;Breisgau;08315;Breisgau-Hochschwarzwald;08315006;Bad Krozingen, Stadt;
48;Breisgau;08315;Breisgau-Hochschwarzwald;08315007;Badenweiler;
48;Breisgau;08315;Breisgau-Hochschwarzwald;08315008;Ballrechten-Dottingen;
48;Breisgau;08315;Breisgau-Hochschwarzwald;08315013;Bötzingen;
48;Breisgau;08315;Breisgau-Hochschwarzwald;08315014;Bollschweil;
48;Breisgau;08315;Breisgau-Hochschwarzwald;08315015;Breisach am Rhein, Stadt;
48;Breisgau;08315;Breisgau-Hochschwarzwald;08315022;Buggingen;
48;Breisgau;08315;Breisgau-Hochschwarzwald;08315028;Ebringen;
48;Breisgau;08315;Breisgau-Hochschwarzwald;08315030;Eichstetten am Kaiserstuhl;
48;Breisgau;08315;Breisgau-Hochschwarzwald;08315033;Eschbach;
48;Breisgau;08315;Breisgau-Hochschwarzwald;08315048;Hartheim am Rhein;
48;Breisgau;08315;Breisgau-Hochschwarzwald;08315050;Heitersheim, Stadt;
48;Breisgau;08315;Breisgau-Hochschwarzwald;08315056;Horben;
48;Breisgau;08315;Breisgau-Hochschwarzwald;08315059;Ihringen;
48;Breisgau;08315;Breisgau-Hochschwarzwald;08315072;Merdingen;
48;Breisgau;08315;Breisgau-Hochschwarzwald;08315073;Merzhausen;
48;Breisgau;08315;Breisgau-Hochschwarzwald;08315074;Müllheim, Stadt;
48;Breisgau;08315;Breisgau-Hochschwarzwald;08315076;Neuenburg am Rhein, Stadt;
48;Breisgau;08315;Breisgau-Hochschwarzwald;08315089;Pfaffenweiler;
48;Breisgau;08315;Breisgau-Hochschwarzwald;08315107;Sölden;
48;Breisgau;08315;Breisgau-Hochschwarzwald;08315108;Staufen im Breisgau, Stadt;
48;Breisgau;08315;Breisgau-Hochschwarzwald;08315111;Sulzburg, Stadt;
48;Breisgau;08315;Breisgau-Hochschwarzwald;08315125;Wittnau;
48;Breisgau;08315;Breisgau-Hochschwarzwald;08315130;Münstertal/Schwarzwald;
48;Breisgau;08315;Breisgau-Hochschwarzwald;08315131;Ehrenkirchen;
48;Breisgau;08315;Breisgau-Hochschwarzwald;08315133;Vogtsburg im Kaiserstuhl, Stadt;
48;Breisgau;08336;Lörrach;08336045;Kandern, Stadt;
48;Breisgau;08336;Lörrach;08336078;Schliengen;
48;Breisgau;08336;Lörrach;08336104;Malsburg-Marzell;
49;Emmendingen;08316;Emmendingen;08316002;Bahlingen am Kaiserstuhl;
49;Emmendingen;08316;Emmendingen;08316003;Biederbach;
49;Emmendingen;08316;Emmendingen;08316009;Denzlingen;
49;Emmendingen;08316;Emmendingen;08316010;Elzach, Stadt;
49;Emmendingen;08316;Emmendingen;08316011;Emmendingen, Stadt;
49;Emmendingen;08316;Emmendingen;08316012;Endingen am Kaiserstuhl, Stadt;
49;Emmendingen;08316;Emmendingen;08316013;Forchheim;
49;Emmendingen;08316;Emmendingen;08316014;Gutach im Breisgau;
49;Emmendingen;08316;Emmendingen;08316017;Herbolzheim, Stadt;
49;Emmendingen;08316;Emmendingen;08316020;Kenzingen, Stadt;
49;Emmendingen;08316;Emmendingen;08316024;Malterdingen;
49;Emmendingen;08316;Emmendingen;08316036;Reute;
49;Emmendingen;08316;Emmendingen;08316037;Riegel am Kaiserstuhl;
49;Emmendingen;08316;Emmendingen;08316038;Sasbach am Kaiserstuhl;
49;Emmendingen;08316;Emmendingen;08316039;Sexau;
49;Emmendingen;08316;Emmendingen;08316042;Simonswald;
49;Emmendingen;08316;Emmendingen;08316043;Teningen;
49;Emmendingen;08316;Emmendingen;08316045;Vörstetten;
49;Emmendingen;08316;Emmendingen;08316049;Weisweil;
49;Emmendingen;08316;Emmendingen;08316051;Wyhl am Kaiserstuhl;
49;Emmendingen;08316;Emmendingen;08316053;Rheinhausen;
49;Emmendingen;08316;Emmendingen;08316054;Freiamt;
49;Emmendingen;08316;Emmendingen;08316055;Winden im Elztal;
49;Emmendingen;08316;Emmendingen;08316056;Waldkirch, Stadt;
50;Lahr;08317;Ortenaukreis;08317026;Ettenheim, Stadt;
50;Lahr;08317;Ortenaukreis;08317029;Fischerbach;
50;Lahr;08317;Ortenaukreis;08317031;Friesenheim;
50;Lahr;08317;Ortenaukreis;08317039;Gutach (Schwarzwaldbahn);
50;Lahr;08317;Ortenaukreis;08317040;Haslach im Kinzigtal, Stadt;
50;Lahr;08317;Ortenaukreis;08317041;Hausach, Stadt;
50;Lahr;08317;Ortenaukreis;08317046;Hofstetten;
50;Lahr;08317;Ortenaukreis;08317051;Hornberg, Stadt;
50;Lahr;08317;Ortenaukreis;08317059;Kippenheim;
50;Lahr;08317;Ortenaukreis;08317065;Lahr/Schwarzwald, Stadt;
50;Lahr;08317;Ortenaukreis;08317073;Mahlberg, Stadt;
50;Lahr;08317;Ortenaukreis;08317075;Meißenheim;
50;Lahr;08317;Ortenaukreis;08317078;Mühlenbach;
50;Lahr;08317;Ortenaukreis;08317093;Oberwolfach;
50;Lahr;08317;Ortenaukreis;08317113;Ringsheim;
50;Lahr;08317;Ortenaukreis;08317114;Rust;
50;Lahr;08317;Ortenaukreis;08317121;Schuttertal;
50;Lahr;08317;Ortenaukreis;08317127;Seelbach;
50;Lahr;08317;Ortenaukreis;08317129;Steinach;
50;Lahr;08317;Ortenaukreis;08317145;Wolfach, Stadt;
50;Lahr;08317;Ortenaukreis;08317150;Schwanau;
50;Lahr;08317;Ortenaukreis;08317152;Kappel-Grafenhausen;
51;Offenburg;08317;Ortenaukreis;08317008;Bad Peterstal-Griesbach;
51;Offenburg;08317;Ortenaukreis;08317009;Berghaupten;
51;Offenburg;08317;Ortenaukreis;08317011;Biberach;
51;Offenburg;08317;Ortenaukreis;08317021;Durbach;
51;Offenburg;08317;Ortenaukreis;08317034;Gengenbach, Stadt;
51;Offenburg;08317;Ortenaukreis;08317047;Hohberg;
51;Offenburg;08317;Ortenaukreis;08317085;Nordrach;
51;Offenburg;08317;Ortenaukreis;08317088;Oberharmersbach;
51;Offenburg;08317;Ortenaukreis;08317096;Offenburg, Stadt;
51;Offenburg;08317;Ortenaukreis;08317097;Ohlsbach;
51;Offenburg;08317;Ortenaukreis;08317098;Oppenau, Stadt;
51;Offenburg;08317;Ortenaukreis;08317100;Ortenberg;
51;Offenburg;08317;Ortenaukreis;08317122;Schutterwald;
51;Offenburg;08317;Ortenaukreis;08317146;Zell am Harmersbach, Stadt;
51;Offenburg;08317;Ortenaukreis;08317151;Neuried;
52;Kehl;08317;Ortenaukreis;08317001;Achern, Stadt;
52;Kehl;08317;Ortenaukreis;08317005;Appenweier;
52;Kehl;08317;Ortenaukreis;08317056;Kappelrodeck;
52;Kehl;08317;Ortenaukreis;08317057;Kehl, Stadt;
52;Kehl;08317;Ortenaukreis;08317067;Lautenbach;
52;Kehl;08317;Ortenaukreis;08317068;Lauf;
52;Kehl;08317;Ortenaukreis;08317089;Oberkirch, Stadt;
52;Kehl;08317;Ortenaukreis;08317102;Ottenhöfen im Schwarzwald;
52;Kehl;08317;Ortenaukreis;08317110;Renchen, Stadt;
52;Kehl;08317;Ortenaukreis;08317116;Sasbach;
52;Kehl;08317;Ortenaukreis;08317118;Sasbachwalden;
52;Kehl;08317;Ortenaukreis;08317126;Seebach;
52;Kehl;08317;Ortenaukreis;08317141;Willstätt;
52;Kehl;08317;Ortenaukreis;08317153;Rheinau, Stadt;
53;Rottweil;08325;Rottweil;08325001;Aichhalden;
53;Rottweil;08325;Rottweil;08325009;Bösingen;
53;Rottweil;08325;Rottweil;08325011;Dietingen;
53;Rottweil;08325;Rottweil;08325012;Dornhan, Stadt;
53;Rottweil;08325;Rottweil;08325014;Dunningen;
53;Rottweil;08325;Rottweil;08325015;Epfendorf;
53;Rottweil;08325;Rottweil;08325024;Hardt;
53;Rottweil;08325;Rottweil;08325036;Lauterbach;
53;Rottweil;08325;Rottweil;08325045;Oberndorf am Neckar, Stadt;
53;Rottweil;08325;Rottweil;08325049;Rottweil, Stadt;
53;Rottweil;08325;Rottweil;08325050;Schenkenzell;
53;Rottweil;08325;Rottweil;08325051;Schiltach, Stadt;
53;Rottweil;08325;Rottweil;08325053;Schramberg, Stadt;
53;Rottweil;08325;Rottweil;08325057;Sulz am Neckar, Stadt;
53;Rottweil;08325;Rottweil;08325060;Villingendorf;
53;Rottweil;08325;Rottweil;08325061;Vöhringen;
53;Rottweil;08325;Rottweil;08325064;Wellendingen;
53;Rottweil;08325;Rottweil;08325069;Zimmern ob Rottweil;
53;Rottweil;08325;Rottweil;08325070;Fluorn-Winzeln;
53;Rottweil;08325;Rottweil;08325071;Eschbronn;
53;Rottweil;08325;Rottweil;08325072;Deißlingen;
54;Villingen-Schwenningen;08326;Schwarzwald-Baar-Kreis;08326003;Bad Dürrheim, Stadt;
54;Villingen-Schwenningen;08326;Schwarzwald-Baar-Kreis;08326006;Bräunlingen, Stadt;
54;Villingen-Schwenningen;08326;Schwarzwald-Baar-Kreis;08326010;Dauchingen;
54;Villingen-Schwenningen;08326;Schwarzwald-Baar-Kreis;08326017;Furtwangen im Schwarzwald, Stadt;
54;Villingen-Schwenningen;08326;Schwarzwald-Baar-Kreis;08326020;Gütenbach;
54;Villingen-Schwenningen;08326;Schwarzwald-Baar-Kreis;08326031;Königsfeld im Schwarzwald;
54;Villingen-Schwenningen;08326;Schwarzwald-Baar-Kreis;08326037;Mönchweiler;
54;Villingen-Schwenningen;08326;Schwarzwald-Baar-Kreis;08326041;Niedereschach;
54;Villingen-Schwenningen;08326;Schwarzwald-Baar-Kreis;08326052;St. Georgen im Schwarzwald, Stadt;
54;Villingen-Schwenningen;08326;Schwarzwald-Baar-Kreis;08326054;Schönwald im Schwarzwald;
54;Villingen-Schwenningen;08326;Schwarzwald-Baar-Kreis;08326055;Schonach im Schwarzwald;
54;Villingen-Schwenningen;08326;Schwarzwald-Baar-Kreis;08326060;Triberg im Schwarzwald, Stadt;
54;Villingen-Schwenningen;08326;Schwarzwald-Baar-Kreis;08326061;Tuningen;
54;Villingen-Schwenningen;08326;Schwarzwald-Baar-Kreis;08326065;Unterkirnach;
54;Villingen-Schwenningen;08326;Schwarzwald-Baar-Kreis;08326068;Vöhrenbach, Stadt;
54;Villingen-Schwenningen;08326;Schwarzwald-Baar-Kreis;08326074;Villingen-Schwenningen, Stadt;
54;Villingen-Schwenningen;08326;Schwarzwald-Baar-Kreis;08326075;Brigachtal;
55;Tuttlingen-Donaueschingen;08326;Schwarzwald-Baar-Kreis;08326005;Blumberg, Stadt;
55;Tuttlingen-Donaueschingen;08326;Schwarzwald-Baar-Kreis;08326012;Donaueschingen, Stadt;
55;Tuttlingen-Donaueschingen;08326;Schwarzwald-Baar-Kreis;08326027;Hüfingen, Stadt;
55;Tuttlingen-Donaueschingen;08327;Tuttlingen;08327002;Aldingen;
55;Tuttlingen-Donaueschingen;08327;Tuttlingen;08327004;Bärenthal;
55;Tuttlingen-Donaueschingen;08327;Tuttlingen;08327005;Balgheim;
55;Tuttlingen-Donaueschingen;08327;Tuttlingen;08327006;Böttingen;
55;Tuttlingen-Donaueschingen;08327;Tuttlingen;08327007;Bubsheim;
55;Tuttlingen-Donaueschingen;08327;Tuttlingen;08327008;Buchheim;
55;Tuttlingen-Donaueschingen;08327;Tuttlingen;08327009;Deilingen;
55;Tuttlingen-Donaueschingen;08327;Tuttlingen;08327010;Denkingen;
55;Tuttlingen-Donaueschingen;08327;Tuttlingen;08327011;Dürbheim;
55;Tuttlingen-Donaueschingen;08327;Tuttlingen;08327012;Durchhausen;
55;Tuttlingen-Donaueschingen;08327;Tuttlingen;08327013;Egesheim;
55;Tuttlingen-Donaueschingen;08327;Tuttlingen;08327016;Fridingen an der Donau, Stadt;
55;Tuttlingen-Donaueschingen;08327;Tuttlingen;08327017;Frittlingen;
55;Tuttlingen-Donaueschingen;08327;Tuttlingen;08327018;Geisingen, Stadt;
55;Tuttlingen-Donaueschingen;08327;Tuttlingen;08327019;Gosheim;
55;Tuttlingen-Donaueschingen;08327;Tuttlingen;08327020;Gunningen;
55;Tuttlingen-Donaueschingen;08327;Tuttlingen;08327023;Hausen ob Verena;
55;Tuttlingen-Donaueschingen;08327;Tuttlingen;08327025;Immendingen;
55;Tuttlingen-Donaueschingen;08327;Tuttlingen;08327027;Irndorf;
55;Tuttlingen-Donaueschingen;08327;Tuttlingen;08327029;Königsheim;
55;Tuttlingen-Donaueschingen;08327;Tuttlingen;08327030;Kolbingen;
55;Tuttlingen-Donaueschingen;08327;Tuttlingen;08327033;Mahlstetten;
55;Tuttlingen-Donaueschingen;08327;Tuttlingen;08327036;Mühlheim an der Donau, Stadt;
55;Tuttlingen-Donaueschingen;08327;Tuttlingen;08327038;Neuhausen ob Eck;
55;Tuttlingen-Donaueschingen;08327;Tuttlingen;08327040;Reichenbach am Heuberg;
55;Tuttlingen-Donaueschingen;08327;Tuttlingen;08327041;Renquishausen;
55;Tuttlingen-Donaueschingen;08327;Tuttlingen;08327046;Spaichingen, Stadt;
55;Tuttlingen-Donaueschingen;08327;Tuttlingen;08327048;Talheim;
55;Tuttlingen-Donaueschingen;08327;Tuttlingen;08327049;Trossingen, Stadt;
55;Tuttlingen-Donaueschingen;08327;Tuttlingen;08327050;Tuttlingen, Stadt;
55;Tuttlingen-Donaueschingen;08327;Tuttlingen;08327051;Wehingen;
55;Tuttlingen-Donaueschingen;08327;Tuttlingen;08327054;Wurmlingen;
55;Tuttlingen-Donaueschingen;08327;Tuttlingen;08327055;Seitingen-Oberflacht;
55;Tuttlingen-Donaueschingen;08327;Tuttlingen;08327056;Rietheim-Weilheim;
55;Tuttlingen-Donaueschingen;08327;Tuttlingen;08327057;Emmingen-Liptingen;
56;Konstanz;08335;Konstanz;08335002;Allensbach;
56;Konstanz;08335;Konstanz;08335025;Gaienhofen;
56;Konstanz;08335;Konstanz;08335043;Konstanz, Universitätsstadt;
56;Konstanz;08335;Konstanz;08335055;Moos;
56;Konstanz;08335;Konstanz;08335061;Öhningen;
56;Konstanz;08335;Konstanz;08335063;Radolfzell am Bodensee, Stadt;
56;Konstanz;08335;Konstanz;08335066;Reichenau;
57;Singen;08335;Konstanz;08335001;Aach, Stadt;
57;Singen;08335;Konstanz;08335015;Büsingen am Hochrhein;
57;Singen;08335;Konstanz;08335021;Eigeltingen;
57;Singen;08335;Konstanz;08335022;Engen, Stadt;
57;Singen;08335;Konstanz;08335026;Gailingen am Hochrhein;
57;Singen;08335;Konstanz;08335028;Gottmadingen;
57;Singen;08335;Konstanz;08335035;Hilzingen;
57;Singen;08335;Konstanz;08335057;Mühlingen;
57;Singen;08335;Konstanz;08335075;Singen (Hohentwiel), Stadt;
57;Singen;08335;Konstanz;08335077;Steißlingen;
57;Singen;08335;Konstanz;08335079;Stockach, Stadt;
57;Singen;08335;Konstanz;08335080;Tengen, Stadt;
57;Singen;08335;Konstanz;08335081;Volkertshausen;
57;Singen;08335;Konstanz;08335096;Hohenfels;
57;Singen;08335;Konstanz;08335097;Mühlhausen-Ehingen;
57;Singen;08335;Konstanz;08335098;Bodman-Ludwigshafen;
57;Singen;08335;Konstanz;08335099;Orsingen-Nenzingen;
57;Singen;08335;Konstanz;08335100;Rielasingen-Worblingen;
58;Lörrach;08336;Lörrach;08336004;Aitern;
58;Lörrach;08336;Lörrach;08336006;Bad Bellingen;
58;Lörrach;08336;Lörrach;08336008;Binzen;
58;Lörrach;08336;Lörrach;08336010;Böllen;
58;Lörrach;08336;Lörrach;08336014;Efringen-Kirchen;
58;Lörrach;08336;Lörrach;08336019;Eimeldingen;
58;Lörrach;08336;Lörrach;08336024;Fischingen;
58;Lörrach;08336;Lörrach;08336025;Fröhnd;
58;Lörrach;08336;Lörrach;08336034;Hasel;
58;Lörrach;08336;Lörrach;08336036;Hausen im Wiesental;
58;Lörrach;08336;Lörrach;08336043;Inzlingen;
58;Lörrach;08336;Lörrach;08336050;Lörrach, Stadt;
58;Lörrach;08336;Lörrach;08336057;Maulburg;
58;Lörrach;08336;Lörrach;08336073;Rümmingen;
58;Lörrach;08336;Lörrach;08336075;Schallbach;
58;Lörrach;08336;Lörrach;08336079;Schönau im Schwarzwald, Stadt;
58;Lörrach;08336;Lörrach;08336080;Schönenberg;
58;Lörrach;08336;Lörrach;08336081;Schopfheim, Stadt;
58;Lörrach;08336;Lörrach;08336084;Steinen;
58;Lörrach;08336;Lörrach;08336087;Todtnau, Stadt;
58;Lörrach;08336;Lörrach;08336089;Tunau;
58;Lörrach;08336;Lörrach;08336090;Utzenfeld;
58;Lörrach;08336;Lörrach;08336091;Weil am Rhein, Stadt;
58;Lörrach;08336;Lörrach;08336094;Wembach;
58;Lörrach;08336;Lörrach;08336096;Wieden;
58;Lörrach;08336;Lörrach;08336100;Wittlingen;
58;Lörrach;08336;Lörrach;08336103;Zell im Wiesental, Stadt;
58;Lörrach;08336;Lörrach;08336105;Grenzach-Wyhlen;
58;Lörrach;08336;Lörrach;08336106;Häg-Ehrsberg;
58;Lörrach;08336;Lörrach;08336107;Kleines Wiesental;
59;Waldshut;08336;Lörrach;08336069;Rheinfelden (Baden), Stadt;
59;Waldshut;08336;Lörrach;08336082;Schwörstadt;
59;Waldshut;08337;Waldshut;08337002;Albbruck;
59;Waldshut;08337;Waldshut;08337030;Dettighofen;
59;Waldshut;08337;Waldshut;08337032;Dogern;
59;Waldshut;08337;Waldshut;08337038;Görwihl;
59;Waldshut;08337;Waldshut;08337049;Herrischried;
59;Waldshut;08337;Waldshut;08337053;Hohentengen am Hochrhein;
59;Waldshut;08337;Waldshut;08337060;Jestetten;
59;Waldshut;08337;Waldshut;08337062;Klettgau;
59;Waldshut;08337;Waldshut;08337065;Lauchringen;
59;Waldshut;08337;Waldshut;08337066;Laufenburg (Baden), Stadt;
59;Waldshut;08337;Waldshut;08337070;Lottstetten;
59;Waldshut;08337;Waldshut;08337076;Murg;
59;Waldshut;08337;Waldshut;08337090;Rickenbach;
59;Waldshut;08337;Waldshut;08337096;Bad Säckingen, Stadt;
59;Waldshut;08337;Waldshut;08337106;Stühlingen, Stadt;
59;Waldshut;08337;Waldshut;08337116;Wehr, Stadt;
59;Waldshut;08337;Waldshut;08337118;Weilheim;
59;Waldshut;08337;Waldshut;08337123;Wutöschingen;
59;Waldshut;08337;Waldshut;08337124;Eggingen;
59;Waldshut;08337;Waldshut;08337125;Küssaberg;
59;Waldshut;08337;Waldshut;08337126;Waldshut-Tiengen, Stadt;
60;Reutlingen;08415;Reutlingen;08415059;Pfullingen, Stadt;
60;Reutlingen;08415;Reutlingen;08415060;Pliezhausen;
60;Reutlingen;08415;Reutlingen;08415061;Reutlingen, Stadt;
60;Reutlingen;08415;Reutlingen;08415080;Wannweil;
60;Reutlingen;08415;Reutlingen;08415087;Walddorfhäslach;
60;Reutlingen;08416;Tübingen;08416011;Dußlingen;
60;Reutlingen;08416;Tübingen;08416015;Gomaringen;
60;Reutlingen;08416;Tübingen;08416022;Kirchentellinsfurt;
60;Reutlingen;08416;Tübingen;08416023;Kusterdingen;
60;Reutlingen;08416;Tübingen;08416026;Nehren;
61;Hechingen-Münsingen;08415;Reutlingen;08415014;Dettingen an der Erms;
61;Hechingen-Münsingen;08415;Reutlingen;08415019;Eningen unter Achalm;
61;Hechingen-Münsingen;08415;Reutlingen;08415027;Gomadingen;
61;Hechingen-Münsingen;08415;Reutlingen;08415028;Grabenstetten;
61;Hechingen-Münsingen;08415;Reutlingen;08415029;Grafenberg;
61;Hechingen-Münsingen;08415;Reutlingen;08415034;Hayingen, Stadt;
61;Hechingen-Münsingen;08415;Reutlingen;08415039;Hülben;
61;Hechingen-Münsingen;08415;Reutlingen;08415048;Mehrstetten;
61;Hechingen-Münsingen;08415;Reutlingen;08415050;Metzingen, Stadt;
61;Hechingen-Münsingen;08415;Reutlingen;08415053;Münsingen, Stadt;
61;Hechingen-Münsingen;08415;Reutlingen;08415058;Pfronstetten;
61;Hechingen-Münsingen;08415;Reutlingen;08415062;Riederich;
61;Hechingen-Münsingen;08415;Reutlingen;08415073;Trochtelfingen, Stadt;
61;Hechingen-Münsingen;08415;Reutlingen;08415078;Bad Urach, Stadt;
61;Hechingen-Münsingen;08415;Reutlingen;08415085;Zwiefalten;
61;Hechingen-Münsingen;08415;Reutlingen;08415086;Gutsbezirk Münsingen;
61;Hechingen-Münsingen;08415;Reutlingen;08415088;Römerstein;
61;Hechingen-Münsingen;08415;Reutlingen;08415089;Engstingen;
61;Hechingen-Münsingen;08415;Reutlingen;08415090;Hohenstein;
61;Hechingen-Münsingen;08415;Reutlingen;08415091;Sonnenbühl;
61;Hechingen-Münsingen;08415;Reutlingen;08415092;Lichtenstein;
61;Hechingen-Münsingen;08415;Reutlingen;08415093;St. Johann;
61;Hechingen-Münsingen;08417;Zollernalbkreis;08417013;Burladingen, Stadt;
61;Hechingen-Münsingen;08417;Zollernalbkreis;08417031;Hechingen, Stadt;
61;Hechingen-Münsingen;08417;Zollernalbkreis;08417036;Jungingen;
62;Tübingen;08416;Tübingen;08416006;Bodelshausen;
62;Tübingen;08416;Tübingen;08416009;Dettenhausen;
62;Tübingen;08416;Tübingen;08416025;Mössingen, Stadt;
62;Tübingen;08416;Tübingen;08416031;Ofterdingen;
62;Tübingen;08416;Tübingen;08416036;Rottenburg am Neckar, Stadt;
62;Tübingen;08416;Tübingen;08416041;Tübingen, Universitätsstadt;
62;Tübingen;08416;Tübingen;08416048;Ammerbuch;
62;Tübingen;08416;Tübingen;08416049;Neustetten;
63;Balingen;08416;Tübingen;08416018;Hirrlingen*;
63;Balingen;08416;Tübingen;08416050;Starzach*;
63;Balingen;08417;Zollernalbkreis;08417002;Balingen, Stadt;
63;Balingen;08417;Zollernalbkreis;08417008;Bisingen;
63;Balingen;08417;Zollernalbkreis;08417010;Bitz;
63;Balingen;08417;Zollernalbkreis;08417014;Dautmergen;
63;Balingen;08417;Zollernalbkreis;08417015;Dormettingen;
63;Balingen;08417;Zollernalbkreis;08417016;Dotternhausen;
63;Balingen;08417;Zollernalbkreis;08417022;Geislingen, Stadt;
63;Balingen;08417;Zollernalbkreis;08417023;Grosselfingen;
63;Balingen;08417;Zollernalbkreis;08417025;Haigerloch, Stadt;
63;Balingen;08417;Zollernalbkreis;08417029;Hausen am Tann;
63;Balingen;08417;Zollernalbkreis;08417044;Meßstetten, Stadt;
63;Balingen;08417;Zollernalbkreis;08417045;Nusplingen;
63;Balingen;08417;Zollernalbkreis;08417047;Obernheim;
63;Balingen;08417;Zollernalbkreis;08417051;Rangendingen;
63;Balingen;08417;Zollernalbkreis;08417052;Ratshausen;
63;Balingen;08417;Zollernalbkreis;08417054;Rosenfeld, Stadt;
63;Balingen;08417;Zollernalbkreis;08417057;Schömberg, Stadt;
63;Balingen;08417;Zollernalbkreis;08417063;Straßberg;
63;Balingen;08417;Zollernalbkreis;08417071;Weilen unter den Rinnen;
63;Balingen;08417;Zollernalbkreis;08417075;Winterlingen;
63;Balingen;08417;Zollernalbkreis;08417078;Zimmern unter der Burg;
63;Balingen;08417;Zollernalbkreis;08417079;Albstadt, Stadt;
64;Ulm;08421;Stadtkreis Ulm;08421000;Ulm, Universitätsstadt;
64;Ulm;08425;Alb-Donau-Kreis;08425028;Dietenheim, Stadt;
64;Ulm;08425;Alb-Donau-Kreis;08425039;Erbach, Stadt;
64;Ulm;08425;Alb-Donau-Kreis;08425064;Hüttisheim;
64;Ulm;08425;Alb-Donau-Kreis;08425066;Illerrieden;
64;Ulm;08425;Alb-Donau-Kreis;08425110;Schnürpflingen;
64;Ulm;08425;Alb-Donau-Kreis;08425137;Illerkirchberg;
64;Ulm;08425;Alb-Donau-Kreis;08425138;Staig;
64;Ulm;08425;Alb-Donau-Kreis;08425140;Balzheim;
64;Ulm;08425;Alb-Donau-Kreis;08425141;Blaustein, Stadt;
65;Ehingen;08425;Alb-Donau-Kreis;08425002;Allmendingen;
65;Ehingen;08425;Alb-Donau-Kreis;08425004;Altheim;
65;Ehingen;08425;Alb-Donau-Kreis;08425005;Altheim (Alb);
65;Ehingen;08425;Alb-Donau-Kreis;08425008;Amstetten;
65;Ehingen;08425;Alb-Donau-Kreis;08425011;Asselfingen;
65;Ehingen;08425;Alb-Donau-Kreis;08425013;Ballendorf;
65;Ehingen;08425;Alb-Donau-Kreis;08425014;Beimerstetten;
65;Ehingen;08425;Alb-Donau-Kreis;08425017;Berghülen;
65;Ehingen;08425;Alb-Donau-Kreis;08425019;Bernstadt;
65;Ehingen;08425;Alb-Donau-Kreis;08425020;Blaubeuren, Stadt;
65;Ehingen;08425;Alb-Donau-Kreis;08425022;Börslingen;
65;Ehingen;08425;Alb-Donau-Kreis;08425024;Breitingen;
65;Ehingen;08425;Alb-Donau-Kreis;08425031;Dornstadt;
65;Ehingen;08425;Alb-Donau-Kreis;08425033;Ehingen (Donau), Stadt;
65;Ehingen;08425;Alb-Donau-Kreis;08425035;Emeringen;
65;Ehingen;08425;Alb-Donau-Kreis;08425036;Emerkingen;
65;Ehingen;08425;Alb-Donau-Kreis;08425050;Griesingen;
65;Ehingen;08425;Alb-Donau-Kreis;08425052;Grundsheim;
65;Ehingen;08425;Alb-Donau-Kreis;08425055;Hausen am Bussen;
65;Ehingen;08425;Alb-Donau-Kreis;08425062;Holzkirch;
65;Ehingen;08425;Alb-Donau-Kreis;08425071;Laichingen, Stadt;
65;Ehingen;08425;Alb-Donau-Kreis;08425072;Langenau, Stadt;
65;Ehingen;08425;Alb-Donau-Kreis;08425073;Lauterach;
65;Ehingen;08425;Alb-Donau-Kreis;08425075;Lonsee;
65;Ehingen;08425;Alb-Donau-Kreis;08425079;Merklingen;
65;Ehingen;08425;Alb-Donau-Kreis;08425081;Munderkingen, Stadt;
65;Ehingen;08425;Alb-Donau-Kreis;08425083;Neenstetten;
65;Ehingen;08425;Alb-Donau-Kreis;08425084;Nellingen;
65;Ehingen;08425;Alb-Donau-Kreis;08425085;Nerenstetten;
65;Ehingen;08425;Alb-Donau-Kreis;08425088;Oberdischingen;
65;Ehingen;08425;Alb-Donau-Kreis;08425090;Obermarchtal;
65;Ehingen;08425;Alb-Donau-Kreis;08425091;Oberstadion;
65;Ehingen;08425;Alb-Donau-Kreis;08425092;Öllingen;
65;Ehingen;08425;Alb-Donau-Kreis;08425093;Öpfingen;
65;Ehingen;08425;Alb-Donau-Kreis;08425097;Rammingen;
65;Ehingen;08425;Alb-Donau-Kreis;08425098;Rechtenstein;
65;Ehingen;08425;Alb-Donau-Kreis;08425104;Rottenacker;
65;Ehingen;08425;Alb-Donau-Kreis;08425108;Schelklingen, Stadt;
65;Ehingen;08425;Alb-Donau-Kreis;08425112;Setzingen;
65;Ehingen;08425;Alb-Donau-Kreis;08425123;Untermarchtal;
65;Ehingen;08425;Alb-Donau-Kreis;08425124;Unterstadion;
65;Ehingen;08425;Alb-Donau-Kreis;08425125;Unterwachingen;
65;Ehingen;08425;Alb-Donau-Kreis;08425130;Weidenstetten;
65;Ehingen;08425;Alb-Donau-Kreis;08425134;Westerheim;
65;Ehingen;08425;Alb-Donau-Kreis;08425135;Westerstetten;
65;Ehingen;08425;Alb-Donau-Kreis;08425139;Heroldstatt;
66;Biberach;08426;Biberach;08426001;Achstetten;
66;Biberach;08426;Biberach;08426005;Alleshausen;
66;Biberach;08426;Biberach;08426006;Allmannsweiler;
66;Biberach;08426;Biberach;08426008;Altheim;
66;Biberach;08426;Biberach;08426011;Attenweiler;
66;Biberach;08426;Biberach;08426013;Bad Buchau, Stadt;
66;Biberach;08426;Biberach;08426014;Bad Schussenried, Stadt;
66;Biberach;08426;Biberach;08426020;Betzenweiler;
66;Biberach;08426;Biberach;08426021;Biberach an der Riß, Stadt;
66;Biberach;08426;Biberach;08426028;Burgrieden;
66;Biberach;08426;Biberach;08426035;Dürmentingen;
66;Biberach;08426;Biberach;08426036;Dürnau;
66;Biberach;08426;Biberach;08426038;Eberhardzell;
66;Biberach;08426;Biberach;08426043;Erlenmoos;
66;Biberach;08426;Biberach;08426045;Ertingen;
66;Biberach;08426;Biberach;08426058;Hochdorf;
66;Biberach;08426;Biberach;08426062;Ingoldingen;
66;Biberach;08426;Biberach;08426064;Kanzach;
66;Biberach;08426;Biberach;08426067;Langenenslingen;
66;Biberach;08426;Biberach;08426070;Laupheim, Stadt;
66;Biberach;08426;Biberach;08426071;Maselheim;
66;Biberach;08426;Biberach;08426073;Mietingen;
66;Biberach;08426;Biberach;08426074;Mittelbiberach;
66;Biberach;08426;Biberach;08426078;Moosburg;
66;Biberach;08426;Biberach;08426087;Ochsenhausen, Stadt;
66;Biberach;08426;Biberach;08426090;Oggelshausen;
66;Biberach;08426;Biberach;08426097;Riedlingen, Stadt;
66;Biberach;08426;Biberach;08426108;Schwendi;
66;Biberach;08426;Biberach;08426109;Seekirch;
66;Biberach;08426;Biberach;08426113;Steinhausen an der Rottum;
66;Biberach;08426;Biberach;08426118;Tiefenbach;
66;Biberach;08426;Biberach;08426120;Ummendorf;
66;Biberach;08426;Biberach;08426121;Unlingen;
66;Biberach;08426;Biberach;08426124;Uttenweiler;
66;Biberach;08426;Biberach;08426125;Wain;
66;Biberach;08426;Biberach;08426128;Warthausen;
66;Biberach;08426;Biberach;08426134;Schemmerhofen;
66;Biberach;08426;Biberach;08426135;Gutenzell-Hürbel;
67;Bodensee;08435;Bodenseekreis;08435005;Bermatingen;
67;Bodensee;08435;Bodenseekreis;08435010;Daisendorf;
67;Bodensee;08435;Bodenseekreis;08435013;Eriskirch;
67;Bodensee;08435;Bodenseekreis;08435015;Frickingen;
67;Bodensee;08435;Bodenseekreis;08435016;Friedrichshafen, Stadt;
67;Bodensee;08435;Bodenseekreis;08435018;Hagnau am Bodensee;
67;Bodensee;08435;Bodenseekreis;08435020;Heiligenberg;
67;Bodensee;08435;Bodenseekreis;08435024;Immenstaad am Bodensee;
67;Bodensee;08435;Bodenseekreis;08435029;Kressbronn am Bodensee;
67;Bodensee;08435;Bodenseekreis;08435030;Langenargen;
67;Bodensee;08435;Bodenseekreis;08435034;Markdorf, Stadt;
67;Bodensee;08435;Bodenseekreis;08435036;Meersburg, Stadt;
67;Bodensee;08435;Bodenseekreis;08435045;Oberteuringen;
67;Bodensee;08435;Bodenseekreis;08435047;Owingen;
67;Bodensee;08435;Bodenseekreis;08435052;Salem;
67;Bodensee;08435;Bodenseekreis;08435053;Sipplingen;
67;Bodensee;08435;Bodenseekreis;08435054;Stetten;
67;Bodensee;08435;Bodenseekreis;08435059;Überlingen, Stadt;
67;Bodensee;08435;Bodenseekreis;08435066;Uhldingen-Mühlhofen;
67;Bodensee;08435;Bodenseekreis;08435067;Deggenhausertal;
68;Wangen;08426;Biberach;08426019;Berkheim;
68;Wangen;08426;Biberach;08426031;Dettingen an der Iller;
68;Wangen;08426;Biberach;08426044;Erolzheim;
68;Wangen;08426;Biberach;08426065;Kirchberg an der Iller;
68;Wangen;08426;Biberach;08426066;Kirchdorf an der Iller;
68;Wangen;08426;Biberach;08426100;Rot an der Rot;
68;Wangen;08426;Biberach;08426117;Tannheim;
68;Wangen;08436;Ravensburg;08436001;Achberg;
68;Wangen;08436;Ravensburg;08436003;Aichstetten;
68;Wangen;08436;Ravensburg;08436004;Aitrach;
68;Wangen;08436;Ravensburg;08436006;Amtzell;
68;Wangen;08436;Ravensburg;08436008;Aulendorf, Stadt;
68;Wangen;08436;Ravensburg;08436009;Bad Waldsee, Stadt;
68;Wangen;08436;Ravensburg;08436010;Bad Wurzach, Stadt;
68;Wangen;08436;Ravensburg;08436014;Bergatreute;
68;Wangen;08436;Ravensburg;08436049;Isny im Allgäu, Stadt;
68;Wangen;08436;Ravensburg;08436052;Kißlegg;
68;Wangen;08436;Ravensburg;08436055;Leutkirch im Allgäu, Stadt;
68;Wangen;08436;Ravensburg;08436078;Vogt;
68;Wangen;08436;Ravensburg;08436081;Wangen im Allgäu, Stadt;
68;Wangen;08436;Ravensburg;08436085;Wolfegg;
68;Wangen;08436;Ravensburg;08436094;Argenbühl;
69;Ravensburg;08435;Bodenseekreis;08435035;Meckenbeuren;
69;Ravensburg;08435;Bodenseekreis;08435042;Neukirch;
69;Ravensburg;08435;Bodenseekreis;08435057;Tettnang, Stadt;
69;Ravensburg;08436;Ravensburg;08436005;Altshausen;
69;Ravensburg;08436;Ravensburg;08436011;Baienfurt;
69;Ravensburg;08436;Ravensburg;08436012;Baindt;
69;Ravensburg;08436;Ravensburg;08436013;Berg;
69;Ravensburg;08436;Ravensburg;08436018;Bodnegg;
69;Ravensburg;08436;Ravensburg;08436019;Boms;
69;Ravensburg;08436;Ravensburg;08436024;Ebenweiler;
69;Ravensburg;08436;Ravensburg;08436027;Eichstegen;
69;Ravensburg;08436;Ravensburg;08436032;Fleischwangen;
69;Ravensburg;08436;Ravensburg;08436039;Grünkraut;
69;Ravensburg;08436;Ravensburg;08436040;Guggenhausen;
69;Ravensburg;08436;Ravensburg;08436047;Hoßkirch;
69;Ravensburg;08436;Ravensburg;08436053;Königseggwald;
69;Ravensburg;08436;Ravensburg;08436064;Ravensburg, Stadt;
69;Ravensburg;08436;Ravensburg;08436067;Riedhausen;
69;Ravensburg;08436;Ravensburg;08436069;Schlier;
69;Ravensburg;08436;Ravensburg;08436077;Unterwaldhausen;
69;Ravensburg;08436;Ravensburg;08436079;Waldburg;
69;Ravensburg;08436;Ravensburg;08436082;Weingarten, Stadt;
69;Ravensburg;08436;Ravensburg;08436083;Wilhelmsdorf;
69;Ravensburg;08436;Ravensburg;08436087;Wolpertswende;
69;Ravensburg;08436;Ravensburg;08436093;Ebersbach-Musbach;
69;Ravensburg;08436;Ravensburg;08436095;Horgenzell;
69;Ravensburg;08436;Ravensburg;08436096;Fronreute;
70;Sigmaringen;08437;Sigmaringen;08437005;Beuron;
70;Sigmaringen;08437;Sigmaringen;08437008;Bingen;
70;Sigmaringen;08437;Sigmaringen;08437031;Gammertingen, Stadt;
70;Sigmaringen;08437;Sigmaringen;08437044;Herbertingen;
70;Sigmaringen;08437;Sigmaringen;08437047;Hettingen, Stadt;
70;Sigmaringen;08437;Sigmaringen;08437053;Hohentengen;
70;Sigmaringen;08437;Sigmaringen;08437056;Illmensee;
70;Sigmaringen;08437;Sigmaringen;08437059;Inzigkofen;
70;Sigmaringen;08437;Sigmaringen;08437065;Krauchenwies;
70;Sigmaringen;08437;Sigmaringen;08437072;Leibertingen;
70;Sigmaringen;08437;Sigmaringen;08437076;Mengen, Stadt;
70;Sigmaringen;08437;Sigmaringen;08437078;Meßkirch, Stadt;
70;Sigmaringen;08437;Sigmaringen;08437082;Neufra;
70;Sigmaringen;08437;Sigmaringen;08437086;Ostrach;
70;Sigmaringen;08437;Sigmaringen;08437088;Pfullendorf, Stadt;
70;Sigmaringen;08437;Sigmaringen;08437100;Bad Saulgau, Stadt;
70;Sigmaringen;08437;Sigmaringen;08437101;Scheer, Stadt;
70;Sigmaringen;08437;Sigmaringen;08437102;Schwenningen;
70;Sigmaringen;08437;Sigmaringen;08437104;Sigmaringen, Stadt;
70;Sigmaringen;08437;Sigmaringen;08437105;Sigmaringendorf;
70;Sigmaringen;08437;Sigmaringen;08437107;Stetten am kalten Markt;
70;Sigmaringen;08437;Sigmaringen;08437114;Veringenstadt, Stadt;
70;Sigmaringen;08437;Sigmaringen;08437118;Wald;
70;Sigmaringen;08437;Sigmaringen;08437123;Sauldorf;
70;Sigmaringen;08437;Sigmaringen;08437124;Herdwangen-Schönach;
;;;;;;
* vom WK 62 Tübingen nach WK 63 Balingen verschoben;;;;;;
