rs,ags,name,population
81110000000,8111000,"Stuttgart, Landeshauptstadt",610458
81150003003,8115003,"Böblingen, Stadt",50705
81150028028,8115028,"Leonberg, Stadt",48337
81150029029,8115029,Magstadt,9580
81150041041,8115041,"Renningen, Stadt",18443
81150042042,8115042,"Rutesheim, Stadt",10936
81150044044,8115044,Schönaich,10339
81150045045,8115045,"Sindelfingen, Stadt",60545
81150050050,8115050,"Weil der Stadt, Stadt",19411
81150051051,8115051,Weil im Schönbuch,9720
81150052052,8115052,Weissach,7624
81155001001,8115001,Aidlingen,9151
81155001054,8115054,Grafenau,6670
81155002013,8115013,Ehningen,9124
81155002015,8115015,Gärtringen,12903
81155003010,8115010,Deckenpfronn,3269
81155003021,8115021,"Herrenberg, Stadt",33344
81155003037,8115037,Nufringen,5753
81155004002,8115002,Altdorf (Landkreis Böblingen),4547
81155004022,8115022,Hildrizhausen,3493
81155004024,8115024,"Holzgerlingen, Stadt",13822
81155005004,8115004,Bondorf,6197
81155005016,8115016,Gäufelden,8982
81155005034,8115034,Mötzingen,3711
81155005053,8115053,Jettingen,7981
81155006046,8115046,Steinenbronn,6433
81155006048,8115048,"Waldenbuch, Stadt",8630
81160015015,8116015,Denkendorf (Landkreis Esslingen),11001
81160019019,8116019,"Esslingen am Neckar, Stadt",94442
81160047047,8116047,Neuhausen auf den Fildern,12067
81160072072,8116072,"Wernau (Neckar), Stadt",11995
81160076076,8116076,Aichwald,7252
81160077077,8116077,"Filderstadt, Stadt",45821
81160078078,8116078,"Leinfelden-Echterdingen, Stadt",40774
81160080080,8116080,"Ostfildern, Stadt",39555
81160081081,8116081,"Aichtal, Stadt",9537
81165001016,8116016,Dettingen unter Teck,6064
81165001033,8116033,"Kirchheim unter Teck, Stadt",41676
81165001048,8116048,Notzingen,3572
81165002018,8116018,Erkenbrechtsweiler,2035
81165002054,8116054,"Owen, Stadt",3337
81165002079,8116079,Lenningen,8063
81165003005,8116005,Altdorf (Landkreis Esslingen),1684
81165003006,8116006,Altenriet,1955
81165003008,8116008,Bempflingen,3351
81165003041,8116041,Neckartailfingen,3769
81165003042,8116042,Neckartenzlingen,6107
81165003063,8116063,Schlaitdorf,1865
81165004011,8116011,Beuren (Landkreis Esslingen),3612
81165004036,8116036,Kohlberg,2344
81165004046,8116046,"Neuffen, Stadt",6024
81165005020,8116020,Frickenhausen,9202
81165005022,8116022,Großbettlingen,4248
81165005049,8116049,"Nürtingen, Stadt",40212
81165005050,8116050,Oberboihingen,5486
81165005068,8116068,Unterensingen,4908
81165005073,8116073,Wolfschlugen,6164
81165006004,8116004,Altbach,6052
81165006014,8116014,Deizisau,6673
81165006056,8116056,"Plochingen, Stadt",14178
81165007007,8116007,Baltmannsweiler,5516
81165007027,8116027,Hochdorf (Landkreis Esslingen),4647
81165007037,8116037,Lichtenwald,2559
81165007058,8116058,Reichenbach an der Fils,7873
81165008012,8116012,Bissingen an der Teck,3372
81165008029,8116029,Holzmaden,2276
81165008043,8116043,Neidlingen,1759
81165008053,8116053,Ohmden,1729
81165008070,8116070,"Weilheim an der Teck, Stadt",9779
81165009035,8116035,Köngen,9560
81165009071,8116071,"Wendlingen am Neckar, Stadt",15800
81170010010,8117010,Böhmenkirch,5537
81175001006,8117006,Bad Ditzenbach,3726
81175001014,8117014,Deggingen,5131
81175002018,8117018,"Ebersbach an der Fils, Stadt",15231
81175002044,8117044,Schlierbach,3834
81175003019,8117019,"Eislingen/Fils, Stadt",21972
81175003037,8117037,Ottenbach,2410
81175003042,8117042,Salach,7976
81175004007,8117007,Bad Überkingen,3839
81175004024,8117024,"Geislingen an der Steige, Stadt",26869
81175004033,8117033,Kuchen,5537
81175005026,8117026,"Göppingen, Stadt",57809
81175005043,8117043,Schlat,1668
81175005053,8117053,Wäschenbeuren,3912
81175005055,8117055,Wangen,3138
81175006015,8117015,"Donzdorf, Stadt",10531
81175006025,8117025,Gingen an der Fils,4408
81175006049,8117049,"Süßen, Stadt",10048
81175006061,8117061,"Lauterstein, Stadt",2505
81175007016,8117016,Drackenstein,459
81175007028,8117028,Gruibingen,2225
81175007031,8117031,Hohenstadt,863
81175007035,8117035,Mühlhausen im Täle,1088
81175007058,8117058,"Wiesensteig, Stadt",1976
81175008001,8117001,Adelberg,1972
81175008009,8117009,Birenbach,1889
81175008011,8117011,Börtlingen,1683
81175008038,8117038,Rechberghausen,5413
81175009002,8117002,Aichelberg,1315
81175009012,8117012,Bad Boll,5189
81175009017,8117017,Dürnau (Landkreis Göppingen),2169
81175009023,8117023,Gammelshausen,1464
81175009029,8117029,Hattenhofen (Landkreis Göppingen),2943
81175009060,8117060,Zell unter Aichelberg,3110
81175010003,8117003,Albershausen,4397
81175010051,8117051,"Uhingen, Stadt",14248
81175011020,8117020,Eschenbach,2137
81175011030,8117030,Heiningen (Landkreis Göppingen),4968
81180003003,8118003,"Asperg, Stadt",13141
81180011011,8118011,"Ditzingen, Stadt",22659
81180019019,8118019,"Gerlingen, Stadt",18657
81180021021,8118021,"Großbottwar, Stadt",7855
81180046046,8118046,"Kornwestheim, Stadt",33536
81180048048,8118048,"Ludwigsburg, Stadt",91810
81180050050,8118050,"Markgröningen, Stadt",14043
81180051051,8118051,Möglingen,10618
81180060060,8118060,Oberstenfeld,7534
81180076076,8118076,"Sachsenheim, Stadt",18303
81180080080,8118080,"Korntal-Münchingen, Stadt",18386
81180081081,8118081,"Remseck am Neckar, Stadt",26024
81185001007,8118007,"Besigheim, Stadt",12138
81185001016,8118016,Freudental,2392
81185001018,8118018,Gemmrigheim,4407
81185001028,8118028,Hessigheim,2482
81185001047,8118047,Löchgau,5632
81185001053,8118053,Mundelsheim,3457
81185001074,8118074,Walheim,3219
81185002071,8118071,Tamm,12168
81185002077,8118077,Ingersheim,6239
81185002079,8118079,"Bietigheim-Bissingen, Stadt",43328
81185003010,8118010,"Bönnigheim, Stadt",7919
81185003015,8118015,Erligheim,2839
81185003040,8118040,Kirchheim am Neckar,5828
81185004063,8118063,Pleidelsheim,6058
81185004078,8118078,"Freiberg am Neckar, Stadt",15434
81185005001,8118001,Affalterbach,4304
81185005006,8118006,Benningen am Neckar,6212
81185005014,8118014,Erdmannhausen,5193
81185005049,8118049,"Marbach am Neckar, Stadt",15429
81185006027,8118027,Hemmingen,7809
81185006067,8118067,Schwieberdingen,11141
81185007054,8118054,Murr,6498
81185007070,8118070,"Steinheim an der Murr, Stadt",11986
81185008012,8118012,Eberdingen,6698
81185008059,8118059,"Oberriexingen, Stadt",3265
81185008068,8118068,Sersheim,5359
81185008073,8118073,"Vaihingen an der Enz, Stadt",28576
81190001001,8119001,Alfdorf,7292
81190020020,8119020,"Fellbach, Stadt",46147
81190041041,8119041,Korb,11262
81190044044,8119044,"Murrhardt, Stadt",14360
81190061061,8119061,Rudersberg,11704
81190079079,8119079,"Waiblingen, Stadt",57280
81190089089,8119089,Berglen,6708
81190090090,8119090,Remshalden,14349
81190091091,8119091,"Weinstadt, Stadt",26807
81190093093,8119093,Kernen im Remstal,15761
81195001003,8119003,Allmersbach im Tal,5065
81195001004,8119004,Althütte,4290
81195001006,8119006,Auenwald,6804
81195001008,8119008,"Backnang, Stadt",38202
81195001018,8119018,Burgstetten,3749
81195001038,8119038,Kirchberg an der Murr,4004
81195001053,8119053,Oppenweiler,4440
81195001083,8119083,Weissach im Tal,7436
81195001087,8119087,Aspach (Landkreis Rems-Murr-Kreis),8380
81195002055,8119055,Plüderhausen,9687
81195002076,8119076,Urbach (Landkreis Rems-Murr-Kreis),8951
81195003067,8119067,"Schorndorf, Stadt",40548
81195003086,8119086,Winterbach (Landkreis Rems-Murr-Kreis),7661
81195004024,8119024,Großerlach,2616
81195004069,8119069,Spiegelberg,2186
81195004075,8119075,Sulzbach an der Murr,5279
81195005037,8119037,Kaisersbach,2461
81195005084,8119084,"Welzheim, Stadt",11120
81195006042,8119042,Leutenbach (Landkreis Rems-Murr-Kreis),12121
81195006068,8119068,Schwaikheim,9693
81195006085,8119085,"Winnenden, Stadt",29297
81210000000,8121000,"Heilbronn, Universitätsstadt",128303
81250007007,8125007,"Bad Wimpfen, Stadt",7311
81250039039,8125039,"Gundelsheim, Stadt",7589
81250058058,8125058,"Leingarten, Stadt",11717
81250068068,8125068,"Neudenau, Stadt",5338
81250107107,8125107,Wüstenrot,6779
81255001005,8125005,"Bad Friedrichshall, Stadt",19746
81255001078,8125078,Oedheim,6534
81255001079,8125079,Offenau,2909
81255002006,8125006,"Bad Rappenau, Stadt",22333
81255002049,8125049,Kirchardt,5878
81255002087,8125087,Siegelsbach,1667
81255003013,8125013,"Brackenheim, Stadt",16475
81255003017,8125017,Cleebronn,3125
81255004026,8125026,"Eppingen, Stadt",22424
81255004034,8125034,Gemmingen,5466
81255004047,8125047,Ittlingen,2619
81255005030,8125030,Flein,7276
81255005094,8125094,Talheim (Landkreis Heilbronn),4972
81255006056,8125056,"Lauffen am Neckar, Stadt",11985
81255006066,8125066,Neckarwestheim,4103
81255006074,8125074,Nordheim,8457
81255007048,8125048,Jagsthausen,1731
81255007063,8125063,"Möckmühl, Stadt",8261
81255007084,8125084,Roigheim,1444
81255007103,8125103,"Widdern, Stadt",1804
81255008027,8125027,Erlenbach,5151
81255008065,8125065,"Neckarsulm, Stadt",26221
81255008096,8125096,Untereisesheim,4241
81255009069,8125069,"Neuenstadt am Kocher, Stadt",10157
81255009111,8125111,Hardthausen am Kocher,4227
81255009113,8125113,Langenbrettach,3918
81255010038,8125038,"Güglingen, Stadt",6380
81255010081,8125081,Pfaffenhofen,2443
81255010108,8125108,Zaberfeld,4179
81255011059,8125059,"Löwenstein, Stadt",3388
81255011110,8125110,Obersulm,13845
81255012001,8125001,Abstatt,4896
81255012008,8125008,"Beilstein, Stadt",6201
81255012046,8125046,Ilsfeld,9669
81255012098,8125098,Untergruppenbach,8540
81255013061,8125061,Massenbachhausen,3668
81255013086,8125086,"Schwaigern, Stadt",11493
81255014021,8125021,Eberstadt,3105
81255014024,8125024,Ellhofen,3929
81255014057,8125057,Lehrensteinsfeld,2656
81255014102,8125102,"Weinsberg, Stadt",12708
81260011011,8126011,Bretzfeld,12498
81260072072,8126072,Schöntal,5568
81265001047,8126047,Kupferzell,6421
81265001058,8126058,"Neuenstein, Stadt",6644
81265001085,8126085,"Waldenburg, Stadt (Landkreis Hohenlohekreis)",2970
81265002020,8126020,Dörzbach,2516
81265002045,8126045,"Krautheim, Stadt",4662
81265002056,8126056,Mulfingen,3621
81265003039,8126039,"Ingelfingen, Stadt",5430
81265003046,8126046,"Künzelsau, Stadt",15733
81265004028,8126028,"Forchtenberg, Stadt",5271
81265004060,8126060,"Niedernhall, Stadt",4143
81265004086,8126086,Weißbach (Landkreis Hohenlohekreis),2018
81265005066,8126066,"Öhringen, Stadt",25320
81265005069,8126069,Pfedelbach,9427
81265005094,8126094,Zweiflingen,1785
81270008008,8127008,Blaufelden,5323
81270052052,8127052,Mainhardt,5963
81270075075,8127075,"Schrozberg, Stadt",5719
81275001009,8127009,Braunsbach,2444
81275001086,8127086,Untermünkheim,3018
81275002014,8127014,"Crailsheim, Stadt",34395
81275002073,8127073,Satteldorf,5564
81275002103,8127103,Frankenhardt,4892
81275002104,8127104,Stimpfach,3033
81275003101,8127101,Kreßberg,3971
81275003102,8127102,Fichtenau,4619
81275004032,8127032,"Gerabronn, Stadt",4463
81275004047,8127047,"Langenburg, Stadt",1845
81275005043,8127043,"Ilshofen, Stadt",6909
81275005089,8127089,"Vellberg, Stadt",4596
81275005099,8127099,Wolpertshausen,2292
81275006023,8127023,Fichtenberg,2824
81275006025,8127025,"Gaildorf, Stadt",12071
81275006062,8127062,Oberrot,3451
81275006079,8127079,Sulzbach-Laufen,2528
81275007012,8127012,Bühlertann,3066
81275007013,8127013,Bühlerzell,2050
81275007063,8127063,Obersontheim,5340
81275008046,8127046,"Kirchberg an der Jagst, Stadt",4198
81275008071,8127071,Rot am See,5434
81275008091,8127091,Wallhausen (Landkreis Schwäbisch Hall),3679
81275009056,8127056,Michelbach an der Bilz,3374
81275009059,8127059,Michelfeld,3750
81275009076,8127076,"Schwäbisch Hall, Stadt",41247
81275009100,8127100,Rosengarten (Landkreis Schwäbisch Hall),5238
81280020020,8128020,"Creglingen, Stadt",4504
81280039039,8128039,"Freudenberg, Stadt (Landkreis Main-Tauber-Kreis)",3697
81280064064,8128064,"Külsheim, Stadt",5218
81280082082,8128082,"Niederstetten, Stadt",4857
81280126126,8128126,"Weikersheim, Stadt",7560
81280131131,8128131,"Wertheim, Stadt",22799
81280139139,8128139,"Lauda-Königshofen, Stadt",14278
81285001006,8128006,Assamstadt,2237
81285001007,8128007,"Bad Mergentheim, Stadt",23971
81285001058,8128058,Igersheim,5452
81285002014,8128014,"Boxberg, Stadt",6659
81285002138,8128138,Ahorn (Landkreis Main-Tauber-Kreis),2202
81285003047,8128047,"Grünsfeld, Stadt",3639
81285003137,8128137,Wittighausen,1687
81285004045,8128045,Großrinderfeld,4048
81285004061,8128061,Königheim,3003
81285004115,8128115,"Tauberbischofsheim, Stadt",13201
81285004128,8128128,Werbach,3203
81350010010,8135010,Dischingen,4332
81350015015,8135015,Gerstetten,11621
81350020020,8135020,"Herbrechtingen, Stadt",13192
81350025025,8135025,Königsbronn,7032
81350032032,8135032,Steinheim am Albuch,8722
81355001016,8135016,"Giengen an der Brenz, Stadt",19433
81355001021,8135021,Hermaringen,2281
81355002019,8135019,"Heidenheim an der Brenz, Stadt",49964
81355002026,8135026,Nattheim,6363
81355003027,8135027,"Niederstotzingen, Stadt",4742
81355003031,8135031,Sontheim an der Brenz,5744
81360002002,8136002,Abtsgmünd,7351
81360027027,8136027,Gschwend,4641
81360042042,8136042,"Lorch, Stadt (Landkreis Ostalbkreis)",10784
81360045045,8136045,"Neresheim, Stadt",7967
81360050050,8136050,"Oberkochen, Stadt",7793
81365001021,8136021,Essingen (Landkreis Ostalbkreis),6386
81365001033,8136033,Hüttlingen,5983
81365001088,8136088,"Aalen, Stadt",67139
81365002010,8136010,"Bopfingen, Stadt",11670
81365002037,8136037,Kirchheim am Ries,1784
81365002087,8136087,Riesbürg,2217
81365003003,8136003,Adelmannsfelden,1701
81365003018,8136018,Ellenberg (Landkreis Ostalbkreis),1754
81365003019,8136019,"Ellwangen (Jagst), Stadt",24614
81365003035,8136035,Jagstzell,2306
81365003046,8136046,Neuler,3206
81365003060,8136060,Rosenberg (Landkreis Ostalbkreis),2623
81365003084,8136084,Wört,1472
81365003089,8136089,Rainau,3292
81365004038,8136038,"Lauchheim, Stadt",4712
81365004082,8136082,Westhausen (Landkreis Ostalbkreis),6098
81365005020,8136020,Eschach,1832
81365005024,8136024,Göggingen,2484
81365005034,8136034,Iggingen,2497
81365005040,8136040,Leinzell,2039
81365005049,8136049,Obergröningen,435
81365005062,8136062,Schechingen,2218
81365006007,8136007,Bartholomä,2090
81365006009,8136009,Böbingen an der Rems,4640
81365006028,8136028,"Heubach, Stadt",10026
81365006029,8136029,Heuchlingen,1853
81365006043,8136043,Mögglingen,4288
81365007065,8136065,"Schwäbisch Gmünd, Stadt",63449
81365007079,8136079,Waldstetten,7056
81365008015,8136015,Durlangen,2755
81365008044,8136044,Mutlangen,6852
81365008061,8136061,Ruppertshofen (Landkreis Ostalbkreis),1833
81365008066,8136066,Spraitbach,3418
81365008070,8136070,Täferrot,1035
81365009068,8136068,Stödtlen,1797
81365009071,8136071,Tannhausen,1801
81365009075,8136075,Unterschneidheim,4806
82110000000,8211000,"Baden-Baden, Stadt",55887
82120000000,8212000,"Karlsruhe, Stadt",305408
82150017017,8215017,"Ettlingen, Stadt",38461
82150046046,8215046,Malsch (Landkreis Karlsruhe),14884
82150047047,8215047,Marxzell,5047
82150064064,8215064,"Östringen, Stadt",13258
82150084084,8215084,Ubstadt-Weiher,13154
82150089089,8215089,Walzbachtal,9900
82150090090,8215090,Weingarten (Baden),10428
82150096096,8215096,Karlsbad,16181
82150097097,8215097,"Kraichtal, Stadt",14731
82150101101,8215101,Pfinztal,18286
82150102102,8215102,Eggenstein-Leopoldshafen,16823
82150105105,8215105,Linkenheim-Hochstetten,12265
82150106106,8215106,"Waghäusel, Stadt",21993
82150108108,8215108,"Rheinstetten, Stadt",20820
82150109109,8215109,"Stutensee, Stadt",24980
82150110110,8215110,Waldbronn,13324
82155001039,8215039,Kronau,5960
82155001100,8215100,Bad Schönborn,13129
82155002007,8215007,"Bretten, Stadt",29871
82155002025,8215025,Gondelsheim,4103
82155003009,8215009,"Bruchsal, Stadt",46780
82155003021,8215021,Forst (Landkreis Karlsruhe),8029
82155003029,8215029,Hambrücken,5571
82155003103,8215103,Karlsdorf-Neuthard,10691
82155004099,8215099,Graben-Neudorf,12146
82155004111,8215111,Dettenheim,6749
82155005040,8215040,Kürnbach,2346
82155005059,8215059,Oberderdingen,11358
82155006066,8215066,"Philippsburg, Stadt",13558
82155006107,8215107,Oberhausen-Rheinhausen,9505
82155007082,8215082,Sulzfeld (Landkreis Karlsruhe),4951
82155007094,8215094,Zaisenhausen,1832
82160008008,8216008,Bühlertal,7788
82160013013,8216013,Forbach,4497
82160015015,8216015,"Gaggenau, Stadt",29553
82165001006,8216006,Bischweier,3009
82165001024,8216024,"Kuppenheim, Stadt",8219
82165002007,8216007,"Bühl, Stadt",28782
82165002041,8216041,Ottersweier,6356
82165003002,8216002,Au am Rhein,3377
82165003005,8216005,Bietigheim,6373
82165003009,8216009,Durmersheim,11947
82165003012,8216012,Elchesheim-Illingen,3239
82165004017,8216017,"Gernsbach, Stadt",14167
82165004029,8216029,Loffenau,2520
82165004059,8216059,Weisenbach,2434
82165005023,8216023,Iffezheim,5175
82165005033,8216033,Muggensturm,6100
82165005039,8216039,Ötigheim,4905
82165005043,8216043,"Rastatt, Stadt",50546
82165005052,8216052,Steinmauern,3120
82165006028,8216028,"Lichtenau, Stadt (Landkreis Rastatt)",4940
82165006063,8216063,Rheinmünster,6592
82165007022,8216022,Hügelsheim,5052
82165007049,8216049,Sinzheim,11380
82210000000,8221000,"Heidelberg, Stadt",153809
82220000000,8222000,"Mannheim, Universitätsstadt",313693
82250014014,8225014,"Buchen (Odenwald), Stadt",18021
82250060060,8225060,Mudau,4863
82255001032,8225032,Hardheim,6765
82255001039,8225039,Höpfingen,3039
82255001109,8225109,"Walldürn, Stadt",11557
82255002033,8225033,Haßmersheim,4956
82255002042,8225042,Hüffenhardt,2034
82255003002,8225002,Aglasterhausen,4836
82255003068,8225068,Neunkirchen (Landkreis Neckar-Odenwald-Kreis),1855
82255003116,8225116,Schwarzach,2924
82255004024,8225024,Fahrenbach,2698
82255004052,8225052,Limbach (Landkreis Neckar-Odenwald-Kreis),4407
82255005058,8225058,"Mosbach, Stadt",24413
82255005067,8225067,Neckarzimmern,1434
82255005074,8225074,Obrigheim,5395
82255005117,8225117,Elztal,5836
82255006010,8225010,Binau,1369
82255006064,8225064,Neckargerach,2278
82255006113,8225113,Zwingenberg,658
82255006118,8225118,Waldbrunn (Landkreis Neckar-Odenwald-Kreis),4691
82255007075,8225075,"Osterburken, Stadt",6525
82255007082,8225082,Rosenberg (Landkreis Neckar-Odenwald-Kreis),2062
82255007114,8225114,"Ravenstein, Stadt",2992
82255008009,8225009,Billigheim,5975
82255008115,8225115,Schefflenz,3846
82255009001,8225001,"Adelsheim, Stadt",5058
82255009091,8225091,Seckach,3983
82260009009,8226009,Brühl,14279
82260012012,8226012,Dossenheim,12641
82260018018,8226018,"Eppelheim, Stadt",15590
82260028028,8226028,Heddesheim,12127
82260036036,8226036,Ilvesheim,9253
82260037037,8226037,Ketsch,13120
82260038038,8226038,"Ladenburg, Stadt",12371
82260041041,8226041,"Leimen, Stadt",26852
82260060060,8226060,Nußloch,11321
82260062062,8226062,Oftersheim,12241
82260063063,8226063,Plankstadt,10374
82260076076,8226076,Sandhausen,15350
82260082082,8226082,"Schriesheim, Stadt",14994
82260084084,8226084,"Schwetzingen, Stadt",21732
82260095095,8226095,"Walldorf, Stadt",15987
82260096096,8226096,"Weinheim, Stadt",45823
82260103103,8226103,St. Leon-Rot,13996
82260105105,8226105,Edingen-Neckarhausen,14365
82260107107,8226107,Hirschberg an der Bergstraße,9642
82265001013,8226013,"Eberbach, Stadt",14607
82265001081,8226081,Schönbrunn,2888
82265002020,8226020,Eschelbronn,2694
82265002048,8226048,Mauer,4142
82265002049,8226049,Meckesheim,5303
82265002086,8226086,Spechbach,1689
82265002104,8226104,Lobbach,2394
82265003031,8226031,"Hemsbach, Stadt",11986
82265003040,8226040,Laudenbach (Landkreis Rhein-Neckar-Kreis),6484
82265004003,8226003,Altlußheim,6247
82265004032,8226032,"Hockenheim, Stadt",21634
82265004059,8226059,Neulußheim,7143
82265004068,8226068,Reilingen,8179
82265005006,8226006,Bammental,6504
82265005022,8226022,Gaiberg,2335
82265005056,8226056,"Neckargemünd, Stadt",13201
82265005097,8226097,Wiesenbach (Landkreis Rhein-Neckar-Kreis),3184
82265006046,8226046,Malsch (Landkreis Rhein-Neckar-Kreis),3409
82265006054,8226054,Mühlhausen (Landkreis Rhein-Neckar-Kreis),8702
82265006065,8226065,"Rauenberg, Stadt",8724
82265007027,8226027,Heddesbach,487
82265007029,8226029,Heiligkreuzsteinach,2646
82265007080,8226080,"Schönau, Stadt",4412
82265007099,8226099,Wilhelmsfeld,3211
82265008085,8226085,"Sinsheim, Stadt",36517
82265008101,8226101,Zuzenhausen,2267
82265008102,8226102,Angelbachtal,5183
82265009017,8226017,Epfenbach,2400
82265009055,8226055,"Neckarbischofsheim, Stadt",4128
82265009058,8226058,Neidenstein,1790
82265009066,8226066,Reichartshausen,2123
82265009091,8226091,"Waibstadt, Stadt",5764
82265009106,8226106,Helmstadt-Bargen,3840
82265010010,8226010,Dielheim,9151
82265010098,8226098,"Wiesloch, Stadt",27095
82310000000,8231000,"Pforzheim, Stadt",133110
82350065065,8235065,Schömberg (Landkreis Calw),7730
82350080080,8235080,"Wildberg, Stadt",9998
82355001006,8235006,"Altensteig, Stadt",10846
82355001022,8235022,Egenhausen,1992
82355001066,8235066,Simmersfeld,2220
82355002007,8235007,Althengstett,7732
82355002029,8235029,Gechingen,3605
82355002057,8235057,Ostelsheim,2475
82355002067,8235067,Simmozheim,2809
82355003018,8235018,Dobel,2318
82355003033,8235033,"Bad Herrenalb, Stadt",7558
82355004008,8235008,"Bad Liebenzell, Stadt",9195
82355004073,8235073,Unterreichenbach,2370
82355005047,8235047,"Neubulach, Stadt",5730
82355005050,8235050,Neuweiler,3120
82355005084,8235084,"Bad Teinach-Zavelstein, Stadt",3103
82355006055,8235055,Oberreichenbach (Landkreis Calw),2908
82355006085,8235085,"Calw, Stadt",24538
82355007020,8235020,Ebhausen,4782
82355007032,8235032,"Haiterbach, Stadt",5959
82355007046,8235046,"Nagold, Stadt",23221
82355007060,8235060,Rohrdorf (Landkreis Calw),1936
82355008025,8235025,Enzklösterle,1304
82355008035,8235035,Höfen an der Enz,1622
82355008079,8235079,"Bad Wildbad, Stadt",10350
82360004004,8236004,Birkenfeld (Landkreis Enzkreis),10178
82360028028,8236028,Illingen (Landkreis Enzkreis),7661
82360030030,8236030,Ispringen,5810
82360033033,8236033,"Knittlingen, Stadt",7962
82360046046,8236046,Niefern-Öschelbronn,12352
82360070070,8236070,Keltern,8736
82360071071,8236071,Remchingen,11832
82360072072,8236072,Straubenhardt,11279
82365001019,8236019,Friolzheim,3966
82365001025,8236025,"Heimsheim, Stadt",5420
82365001039,8236039,Mönsheim,2929
82365001065,8236065,Wiernsheim,6721
82365001067,8236067,Wimsheim,2787
82365001068,8236068,Wurmberg,3218
82365002011,8236011,Eisingen (Landkreis Enzkreis),4590
82365002074,8236074,Kämpfelbach,6221
82365002076,8236076,Königsbach-Stein,10093
82365003038,8236038,"Maulbronn, Stadt",6387
82365003061,8236061,Sternenfels,2810
82365004040,8236040,"Mühlacker, Stadt",26420
82365004050,8236050,Ötisheim,4586
82365005013,8236013,Engelsbrand,4416
82365005043,8236043,"Neuenbürg, Stadt",8134
82365006031,8236031,Kieselbronn,2943
82365006073,8236073,Neulingen,6571
82365006075,8236075,Ölbronn-Dürrn,3444
82365007044,8236044,Neuhausen,5143
82365007062,8236062,Tiefenbronn,5290
82370002002,8237002,"Alpirsbach, Stadt",6180
82370004004,8237004,Baiersbronn,15269
82370045045,8237045,Loßburg,7684
82375001019,8237019,"Dornstetten, Stadt",8119
82375001030,8237030,Glatten,2521
82375001061,8237061,Schopfloch,2584
82375001074,8237074,Waldachtal,6163
82375002028,8237028,"Freudenstadt, Stadt",24034
82375002073,8237073,Seewald,2134
82375002075,8237075,Bad Rippoldsau-Schapbach,2047
82375003024,8237024,Empfingen,4173
82375003027,8237027,Eutingen im Gäu,6024
82375003040,8237040,"Horb am Neckar, Stadt",25424
82375005032,8237032,Grömbach,629
82375005054,8237054,Pfalzgrafenweiler,7203
82375005072,8237072,Wörnersberg,213
83110000000,8311000,"Freiburg im Breisgau, Stadt",233040
83150068068,8315068,Lenzkirch,5098
83150076076,8315076,"Neuenburg am Rhein, Stadt",12636
83150133133,8315133,"Vogtsburg im Kaiserstuhl, Stadt",6235
83155001006,8315006,"Bad Krozingen, Stadt",22044
83155001048,8315048,Hartheim am Rhein,5047
83155002015,8315015,"Breisach am Rhein, Stadt",15886
83155002059,8315059,Ihringen,6212
83155002072,8315072,Merdingen,2584
83155003020,8315020,Buchenbach,3189
83155003064,8315064,Kirchzarten,9978
83155003084,8315084,Oberried,2849
83155003109,8315109,Stegen,4332
83155004014,8315014,Bollschweil,2285
83155004131,8315131,Ehrenkirchen,7665
83155005047,8315047,Gundelfingen,12030
83155005051,8315051,Heuweiler,1132
83155006008,8315008,Ballrechten-Dottingen,2412
83155006033,8315033,Eschbach (Landkreis Breisgau-Hochschwarzwald),2456
83155006050,8315050,"Heitersheim, Stadt",6441
83155007003,8315003,Au,1496
83155007056,8315056,Horben,1201
83155007073,8315073,Merzhausen,5215
83155007107,8315107,Sölden,1284
83155007125,8315125,Wittnau,1480
83155008016,8315016,Breitnau,1858
83155008052,8315052,Hinterzarten,2497
83155009013,8315013,Bötzingen,5448
83155009030,8315030,Eichstetten am Kaiserstuhl,3689
83155009043,8315043,Gottenheim,2955
83155010039,8315039,Friedenweiler,2009
83155010070,8315070,"Löffingen, Stadt",7675
83155011115,8315115,Umkirch,5662
83155011132,8315132,March,9223
83155012004,8315004,Auggen,2843
83155012007,8315007,Badenweiler,4604
83155012022,8315022,Buggingen,4406
83155012074,8315074,"Müllheim, Stadt",19638
83155012111,8315111,"Sulzburg, Stadt",2725
83155013041,8315041,Glottertal,3253
83155013094,8315094,St. Märgen,1958
83155013095,8315095,St. Peter,2672
83155014028,8315028,Ebringen,2812
83155014089,8315089,Pfaffenweiler,2631
83155014098,8315098,Schallstadt,6396
83155015037,8315037,Feldberg (Schwarzwald),1903
83155015102,8315102,Schluchsee,2562
83155016108,8315108,"Staufen im Breisgau, Stadt",8322
83155016130,8315130,Münstertal/Schwarzwald,5098
83155017031,8315031,Eisenbach (Hochschwarzwald),2150
83155017113,8315113,"Titisee-Neustadt, Stadt",12761
83165001009,8316009,Denzlingen,13579
83165001036,8316036,Reute,2835
83165001045,8316045,Vörstetten,3153
83165002003,8316003,Biederbach,1722
83165002010,8316010,"Elzach, Stadt",7368
83165002055,8316055,Winden im Elztal,2828
83165003011,8316011,"Emmendingen, Stadt",29137
83165003024,8316024,Malterdingen,3265
83165003039,8316039,Sexau,3432
83165003043,8316043,Teningen,11796
83165003054,8316054,Freiamt,4199
83165004017,8316017,"Herbolzheim, Stadt",10813
83165004020,8316020,"Kenzingen, Stadt",10513
83165004049,8316049,Weisweil,2157
83165004053,8316053,Rheinhausen,4115
83165005002,8316002,Bahlingen am Kaiserstuhl,4373
83165005012,8316012,"Endingen am Kaiserstuhl, Stadt",10022
83165005013,8316013,Forchheim,1407
83165005037,8316037,Riegel am Kaiserstuhl,3979
83165005038,8316038,Sasbach am Kaiserstuhl,3414
83165005051,8316051,Wyhl am Kaiserstuhl,3978
83165006014,8316014,Gutach im Breisgau,4579
83165006042,8316042,Simonswald,2943
83165006056,8316056,"Waldkirch, Stadt",21243
83170005005,8317005,Appenweier,10274
83170031031,8317031,Friesenheim (Landkreis Ortenaukreis),13509
83170051051,8317051,"Hornberg, Stadt",4160
83170057057,8317057,"Kehl, Stadt",38556
83170141141,8317141,Willstätt,9837
83170151151,8317151,Neuried (Landkreis Ortenaukreis),9826
83170153153,8317153,"Rheinau, Stadt",11236
83175001001,8317001,"Achern, Stadt",25696
83175001068,8317068,Lauf,4015
83175001116,8317116,Sasbach,5286
83175001118,8317118,Sasbachwalden,2605
83175002026,8317026,"Ettenheim, Stadt",13424
83175002073,8317073,"Mahlberg, Stadt",5191
83175002113,8317113,Ringsheim,2467
83175002114,8317114,Rust,4523
83175002152,8317152,Kappel-Grafenhausen,5236
83175003009,8317009,Berghaupten,2460
83175003034,8317034,"Gengenbach, Stadt",11056
83175003097,8317097,Ohlsbach,3296
83175004029,8317029,Fischerbach,1706
83175004040,8317040,"Haslach im Kinzigtal, Stadt",7156
83175004046,8317046,Hofstetten (Landkreis Ortenaukreis),1786
83175004078,8317078,Mühlenbach,1666
83175004129,8317129,Steinach (Landkreis Ortenaukreis),3934
83175005039,8317039,Gutach (Schwarzwaldbahn),2282
83175005041,8317041,"Hausach, Stadt",5807
83175006056,8317056,Kappelrodeck,6190
83175006102,8317102,Ottenhöfen im Schwarzwald,3162
83175006126,8317126,Seebach (Landkreis Ortenaukreis),1441
83175007059,8317059,Kippenheim,5485
83175007065,8317065,"Lahr/Schwarzwald, Stadt",49103
83175008008,8317008,Bad Peterstal-Griesbach,2594
83175008098,8317098,"Oppenau, Stadt",4890
83175009067,8317067,Lautenbach,1935
83175009089,8317089,"Oberkirch, Stadt",19628
83175009110,8317110,"Renchen, Stadt",7473
83175010021,8317021,Durbach,4048
83175010047,8317047,Hohberg,8128
83175010096,8317096,"Offenburg, Stadt",62220
83175010100,8317100,Ortenberg,3424
83175010122,8317122,Schutterwald,7200
83175011121,8317121,Schuttertal,3192
83175011127,8317127,Seelbach (Landkreis Ortenaukreis),4850
83175012075,8317075,Meißenheim,4135
83175012150,8317150,Schwanau,6925
83175013093,8317093,Oberwolfach,2551
83175013145,8317145,"Wolfach, Stadt",5607
83175014011,8317011,Biberach,3716
83175014085,8317085,Nordrach,1823
83175014088,8317088,Oberharmersbach,2426
83175014146,8317146,"Zell am Harmersbach, Stadt",8106
83250012012,8325012,"Dornhan, Stadt",6163
83255001014,8325014,Dunningen,6369
83255001071,8325071,Eschbronn,2083
83255002015,8325015,Epfendorf,3172
83255002045,8325045,"Oberndorf am Neckar, Stadt",14522
83255002070,8325070,Fluorn-Winzeln,3072
83255003011,8325011,Dietingen,4146
83255003049,8325049,"Rottweil, Stadt",24668
83255003064,8325064,Wellendingen,3252
83255003069,8325069,Zimmern ob Rottweil,6332
83255003072,8325072,Deißlingen,6134
83255004050,8325050,Schenkenzell,1852
83255004051,8325051,"Schiltach, Stadt",3641
83255005001,8325001,Aichhalden,4171
83255005024,8325024,Hardt (Landkreis Rottweil),2458
83255005036,8325036,Lauterbach (Landkreis Rottweil),2753
83255005053,8325053,"Schramberg, Stadt",20446
83255006057,8325057,"Sulz am Neckar, Stadt",12671
83255006061,8325061,Vöhringen,4307
83255007009,8325009,Bösingen,3372
83255007060,8325060,Villingendorf,3349
83260003003,8326003,"Bad Dürrheim, Stadt",12982
83260005005,8326005,"Blumberg, Stadt",9925
83260031031,8326031,Königsfeld im Schwarzwald,5818
83260052052,8326052,"St. Georgen im Schwarzwald, Stadt",12265
83260068068,8326068,"Vöhrenbach, Stadt",3621
83265001006,8326006,"Bräunlingen, Stadt",5698
83265001012,8326012,"Donaueschingen, Stadt",21883
83265001027,8326027,"Hüfingen, Stadt",7872
83265002017,8326017,"Furtwangen im Schwarzwald, Stadt",8374
83265002020,8326020,Gütenbach,1069
83265003054,8326054,Schönwald im Schwarzwald,2483
83265003055,8326055,Schonach im Schwarzwald,3854
83265003060,8326060,"Triberg im Schwarzwald, Stadt",4412
83265004010,8326010,Dauchingen,3765
83265004037,8326037,Mönchweiler,2803
83265004041,8326041,Niedereschach,5839
83265004061,8326061,Tuningen,2968
83265004065,8326065,Unterkirnach,2511
83265004074,8326074,"Villingen-Schwenningen, Stadt",87478
83265004075,8326075,Brigachtal,4976
83275001004,8327004,Bärenthal,489
83275001008,8327008,Buchheim,731
83275001016,8327016,"Fridingen an der Donau, Stadt",3154
83275001027,8327027,Irndorf,694
83275001030,8327030,Kolbingen,1246
83275001036,8327036,"Mühlheim an der Donau, Stadt",3671
83275001041,8327041,Renquishausen,760
83275002007,8327007,Bubsheim,1430
83275002009,8327009,Deilingen,1848
83275002013,8327013,Egesheim,650
83275002019,8327019,Gosheim,3786
83275002029,8327029,Königsheim,595
83275002040,8327040,Reichenbach am Heuberg,461
83275002051,8327051,Wehingen,3644
83275003018,8327018,"Geisingen, Stadt",6296
83275003025,8327025,Immendingen,6364
83275004002,8327002,Aldingen,7660
83275004005,8327005,Balgheim,1286
83275004006,8327006,Böttingen,1432
83275004010,8327010,Denkingen,2928
83275004011,8327011,Dürbheim,1719
83275004017,8327017,Frittlingen,2111
83275004023,8327023,Hausen ob Verena,801
83275004033,8327033,Mahlstetten,830
83275004046,8327046,"Spaichingen, Stadt",13425
83275005012,8327012,Durchhausen,1033
83275005020,8327020,Gunningen,773
83275005048,8327048,Talheim (Landkreis Tuttlingen),1274
83275005049,8327049,"Trossingen, Stadt",17085
83275006038,8327038,Neuhausen ob Eck,3987
83275006050,8327050,"Tuttlingen, Stadt",36665
83275006054,8327054,Wurmlingen,3908
83275006055,8327055,Seitingen-Oberflacht,2572
83275006056,8327056,Rietheim-Weilheim,2873
83275006057,8327057,Emmingen-Liptingen,4714
83350035035,8335035,Hilzingen,8981
83350063063,8335063,"Radolfzell am Bodensee, Stadt",30742
83350080080,8335080,"Tengen, Stadt",4756
83355001001,8335001,"Aach, Stadt",2285
83355001022,8335022,"Engen, Stadt",11029
83355001097,8335097,Mühlhausen-Ehingen,3945
83355002015,8335015,Büsingen am Hochrhein,1384
83355002026,8335026,Gailingen am Hochrhein,2866
83355002028,8335028,Gottmadingen,10708
83355003025,8335025,Gaienhofen,3292
83355003055,8335055,Moos (Landkreis Konstanz),3410
83355003061,8335061,Öhningen,3589
83355004002,8335002,Allensbach,7228
83355004043,8335043,"Konstanz, Universitätsstadt",86437
83355004066,8335066,Reichenau,5270
83355005075,8335075,"Singen (Hohentwiel), Stadt",46789
83355005077,8335077,Steißlingen,4957
83355005081,8335081,Volkertshausen,3252
83355005100,8335100,Rielasingen-Worblingen,12176
83355006021,8335021,Eigeltingen,3835
83355006057,8335057,Mühlingen,2676
83355006079,8335079,"Stockach, Stadt",17412
83355006096,8335096,Hohenfels,2220
83355006098,8335098,Bodman-Ludwigshafen,4742
83355006099,8335099,Orsingen-Nenzingen,3470
83360014014,8336014,Efringen-Kirchen,8598
83360084084,8336084,Steinen (Landkreis Lörrach),10422
83360087087,8336087,"Todtnau, Stadt",4928
83360091091,8336091,"Weil am Rhein, Stadt",31476
83360105105,8336105,Grenzach-Wyhlen,15260
83360107107,8336107,Kleines Wiesental,3005
83365001045,8336045,"Kandern, Stadt",8656
83365001104,8336104,Malsburg-Marzell,1471
83365003043,8336043,Inzlingen,2595
83365003050,8336050,"Lörrach, Stadt",49541
83365004069,8336069,"Rheinfelden (Baden), Stadt",34438
83365004082,8336082,Schwörstadt,2580
83365005006,8336006,Bad Bellingen,4868
83365005078,8336078,Schliengen,5830
83365006004,8336004,Aitern,500
83365006010,8336010,Böllen,99
83365006025,8336025,Fröhnd,480
83365006079,8336079,"Schönau im Schwarzwald, Stadt",2409
83365006080,8336080,Schönenberg,336
83365006089,8336089,Tunau,185
83365006090,8336090,Utzenfeld,600
83365006094,8336094,Wembach,332
83365006096,8336096,Wieden,540
83365007034,8336034,Hasel,1162
83365007036,8336036,Hausen im Wiesental,2311
83365007057,8336057,Maulburg,4287
83365007081,8336081,"Schopfheim, Stadt",20083
83365008008,8336008,Binzen,2993
83365008019,8336019,Eimeldingen,2459
83365008024,8336024,Fischingen,769
83365008073,8336073,Rümmingen,1937
83365008075,8336075,Schallbach,839
83365008100,8336100,Wittlingen,924
83365009103,8336103,"Zell im Wiesental, Stadt",6206
83365009106,8336106,Häg-Ehrsberg,830
83370002002,8337002,Albbruck,7305
83370038038,8337038,Görwihl,4235
83370062062,8337062,Klettgau,7496
83370066066,8337066,"Laufenburg (Baden), Stadt",9210
83370106106,8337106,"Stühlingen, Stadt",5339
83370116116,8337116,"Wehr, Stadt",13036
83375001022,8337022,"Bonndorf im Schwarzwald, Stadt",6857
83375001127,8337127,Wutach,1196
83375002030,8337030,Dettighofen,1076
83375002060,8337060,Jestetten,5202
83375002070,8337070,Lottstetten,2226
83375003053,8337053,Hohentengen am Hochrhein,3715
83375003125,8337125,Küssaberg,5486
83375004039,8337039,Grafenhausen,2257
83375004128,8337128,Ühlingen-Birkendorf,5203
83375005049,8337049,Herrischried,2633
83375005076,8337076,Murg,6813
83375005090,8337090,Rickenbach,3783
83375005096,8337096,"Bad Säckingen, Stadt",17717
83375006013,8337013,Bernau im Schwarzwald,1846
83375006027,8337027,Dachsberg (Südschwarzwald),1365
83375006045,8337045,Häusern,1327
83375006051,8337051,Höchenschwand,2572
83375006059,8337059,Ibach,317
83375006097,8337097,"St. Blasien, Stadt",3664
83375006108,8337108,Todtmoos,1918
83375007032,8337032,Dogern,2255
83375007065,8337065,Lauchringen,8045
83375007118,8337118,Weilheim,3105
83375007126,8337126,"Waldshut-Tiengen, Stadt",24470
83375008123,8337123,Wutöschingen,6679
83375008124,8337124,Eggingen,1752
84150014014,8415014,Dettingen an der Erms,9674
84150019019,8415019,Eningen unter Achalm,11420
84150059059,8415059,"Pfullingen, Stadt",19227
84150061061,8415061,"Reutlingen, Stadt",116925
84150073073,8415073,"Trochtelfingen, Stadt",6236
84150080080,8415080,Wannweil,5260
84150091091,8415091,Sonnenbühl,7053
84150092092,8415092,Lichtenstein,9096
84150093093,8415093,St. Johann,5132
84155001089,8415089,Engstingen,5156
84155001090,8415090,Hohenstein (Landkreis Reutlingen),3784
84155002029,8415029,Grafenberg,2695
84155002050,8415050,"Metzingen, Stadt",22937
84155002062,8415062,Riederich,4281
84155003027,8415027,Gomadingen,2085
84155003048,8415048,Mehrstetten,1443
84155003053,8415053,"Münsingen, Stadt",14564
84155004060,8415060,Pliezhausen,9885
84155004087,8415087,Walddorfhäslach,5362
84155005028,8415028,Grabenstetten,1696
84155005039,8415039,Hülben,3015
84155005078,8415078,"Bad Urach, Stadt",12726
84155005088,8415088,Römerstein,4037
84155006034,8415034,"Hayingen, Stadt",2151
84155006058,8415058,Pfronstetten,1506
84155006085,8415085,Zwiefalten,2308
84160009009,8416009,Dettenhausen,5404
84160022022,8416022,Kirchentellinsfurt,5508
84160023023,8416023,Kusterdingen,8636
84160041041,8416041,"Tübingen, Universitätsstadt",90499
84160048048,8416048,Ammerbuch,11329
84165001011,8416011,Dußlingen,6087
84165001015,8416015,Gomaringen,9054
84165001026,8416026,Nehren (Landkreis Tübingen),4436
84165002006,8416006,Bodelshausen,5698
84165002025,8416025,"Mössingen, Stadt",21593
84165002031,8416031,Ofterdingen,5317
84165003018,8416018,Hirrlingen,3129
84165003036,8416036,"Rottenburg am Neckar, Stadt",44954
84165003049,8416049,Neustetten,3699
84165003050,8416050,Starzach,4299
84170013013,8417013,"Burladingen, Stadt",12056
84170025025,8417025,"Haigerloch, Stadt",10842
84170054054,8417054,"Rosenfeld, Stadt",6407
84175001010,8417010,Bitz,3815
84175001079,8417079,"Albstadt, Stadt",46134
84175002002,8417002,"Balingen, Stadt",35190
84175002022,8417022,"Geislingen, Stadt",5873
84175003008,8417008,Bisingen,9543
84175003023,8417023,Grosselfingen,2161
84175004031,8417031,"Hechingen, Stadt",19514
84175004036,8417036,Jungingen,1361
84175004051,8417051,Rangendingen,5281
84175005044,8417044,"Meßstetten, Stadt",11072
84175005045,8417045,Nusplingen,1895
84175005047,8417047,Obernheim,1516
84175006014,8417014,Dautmergen,448
84175006015,8417015,Dormettingen,1086
84175006016,8417016,Dotternhausen,1845
84175006029,8417029,Hausen am Tann,509
84175006052,8417052,Ratshausen,743
84175006057,8417057,"Schömberg, Stadt",4647
84175006071,8417071,Weilen unter den Rinnen,605
84175006078,8417078,Zimmern unter der Burg,446
84175007063,8417063,Straßberg,2465
84175007075,8417075,Winterlingen,6339
84210000000,8421000,"Ulm, Universitätsstadt",127116
84250039039,8425039,"Erbach, Stadt",13928
84250108108,8425108,"Schelklingen, Stadt",6644
84250141141,8425141,"Blaustein, Stadt",16310
84255001002,8425002,Allmendingen,4867
84255001004,8425004,Altheim (Landkreis Alb-Donau-Kreis),593
84255002017,8425017,Berghülen,1956
84255002020,8425020,"Blaubeuren, Stadt",12496
84255003028,8425028,"Dietenheim, Stadt",6781
84255003066,8425066,Illerrieden,3354
84255003140,8425140,Balzheim,2130
84255004014,8425014,Beimerstetten,2383
84255004031,8425031,Dornstadt,8991
84255004135,8425135,Westerstetten,2205
84255005033,8425033,"Ehingen (Donau), Stadt",27241
84255005050,8425050,Griesingen,1012
84255005088,8425088,Oberdischingen,2212
84255005093,8425093,Öpfingen,2298
84255006064,8425064,Hüttisheim,1469
84255006110,8425110,Schnürpflingen,1398
84255006137,8425137,Illerkirchberg,4865
84255006138,8425138,Staig,3266
84255007071,8425071,"Laichingen, Stadt",11955
84255007079,8425079,Merklingen,2010
84255007084,8425084,Nellingen,1988
84255007134,8425134,Westerheim (Landkreis Alb-Donau-Kreis),3016
84255007139,8425139,Heroldstatt,2819
84255008005,8425005,Altheim (Alb),1692
84255008011,8425011,Asselfingen,1004
84255008013,8425013,Ballendorf,663
84255008019,8425019,Bernstadt,2258
84255008022,8425022,Börslingen,170
84255008024,8425024,Breitingen,363
84255008062,8425062,Holzkirch,270
84255008072,8425072,"Langenau, Stadt",15005
84255008083,8425083,Neenstetten,835
84255008085,8425085,Nerenstetten,356
84255008092,8425092,Öllingen,549
84255008097,8425097,Rammingen (Landkreis Alb-Donau-Kreis),1274
84255008112,8425112,Setzingen,709
84255008130,8425130,Weidenstetten,1366
84255009008,8425008,Amstetten,4128
84255009075,8425075,Lonsee,5039
84255010035,8425035,Emeringen,157
84255010036,8425036,Emerkingen,822
84255010052,8425052,Grundsheim,217
84255010055,8425055,Hausen am Bussen,278
84255010073,8425073,Lauterach,567
84255010081,8425081,"Munderkingen, Stadt",5403
84255010090,8425090,Obermarchtal,1329
84255010091,8425091,Oberstadion,1554
84255010098,8425098,Rechtenstein,293
84255010104,8425104,Rottenacker,2198
84255010123,8425123,Untermarchtal,881
84255010124,8425124,Unterstadion,794
84255010125,8425125,Unterwachingen,192
84260134134,8426134,Schemmerhofen,8652
84265001005,8426005,Alleshausen,537
84265001006,8426006,Allmannsweiler,328
84265001013,8426013,"Bad Buchau, Stadt",4518
84265001020,8426020,Betzenweiler,755
84265001036,8426036,Dürnau (Landkreis Biberach),465
84265001064,8426064,Kanzach,496
84265001078,8426078,Moosburg,226
84265001090,8426090,Oggelshausen,933
84265001109,8426109,Seekirch,306
84265001118,8426118,Tiefenbach (Landkreis Biberach),533
84265002014,8426014,"Bad Schussenried, Stadt",8705
84265002062,8426062,Ingoldingen,3079
84265003011,8426011,Attenweiler,1902
84265003021,8426021,"Biberach an der Riß, Stadt",34018
84265003038,8426038,Eberhardzell,4497
84265003058,8426058,Hochdorf (Landkreis Biberach),2319
84265003071,8426071,Maselheim,4576
84265003074,8426074,Mittelbiberach,4393
84265003120,8426120,Ummendorf (Landkreis Biberach),4397
84265003128,8426128,Warthausen,5218
84265004019,8426019,Berkheim,3106
84265004031,8426031,Dettingen an der Iller,2632
84265004044,8426044,Erolzheim,3338
84265004065,8426065,Kirchberg an der Iller,2192
84265004066,8426066,Kirchdorf an der Iller,3988
84265005001,8426001,Achstetten,4940
84265005028,8426028,Burgrieden,4165
84265005070,8426070,"Laupheim, Stadt",22638
84265005073,8426073,Mietingen,4508
84265006043,8426043,Erlenmoos,1792
84265006087,8426087,"Ochsenhausen, Stadt",9122
84265006113,8426113,Steinhausen an der Rottum,2148
84265006135,8426135,Gutenzell-Hürbel,1835
84265007008,8426008,Altheim (Landkreis Biberach),2104
84265007035,8426035,Dürmentingen,2559
84265007045,8426045,Ertingen,5354
84265007067,8426067,Langenenslingen,3642
84265007097,8426097,"Riedlingen, Stadt",10794
84265007121,8426121,Unlingen,2404
84265007124,8426124,Uttenweiler,3694
84265008100,8426100,Rot an der Rot,4600
84265008117,8426117,Tannheim,2491
84265009108,8426108,Schwendi,6774
84265009125,8426125,Wain,1650
84350035035,8435035,Meckenbeuren,13742
84355001013,8435013,Eriskirch,4809
84355001029,8435029,Kressbronn am Bodensee,8726
84355001030,8435030,Langenargen,7547
84355002016,8435016,"Friedrichshafen, Stadt",61780
84355002024,8435024,Immenstaad am Bodensee,6430
84355003005,8435005,Bermatingen,3981
84355003034,8435034,"Markdorf, Stadt",14318
84355003045,8435045,Oberteuringen,4941
84355003067,8435067,Deggenhausertal,4402
84355004010,8435010,Daisendorf,1517
84355004018,8435018,Hagnau am Bodensee,1433
84355004036,8435036,"Meersburg, Stadt",5893
84355004054,8435054,Stetten (Landkreis Bodenseekreis),966
84355004066,8435066,Uhldingen-Mühlhofen,8263
84355005015,8435015,Frickingen,3000
84355005020,8435020,Heiligenberg,2858
84355005052,8435052,Salem (Landkreis Bodenseekreis),11996
84355006042,8435042,Neukirch (Landkreis Bodenseekreis),2695
84355006057,8435057,"Tettnang, Stadt",20078
84355007047,8435047,Owingen,4468
84355007053,8435053,Sipplingen,2061
84355007059,8435059,"Überlingen, Stadt",22572
84360008008,8436008,"Aulendorf, Stadt",10294
84360010010,8436010,"Bad Wurzach, Stadt",14817
84360049049,8436049,"Isny im Allgäu, Stadt",14520
84360052052,8436052,Kißlegg,9158
84360094094,8436094,Argenbühl,6640
84365001005,8436005,Altshausen,4013
84365001019,8436019,Boms,724
84365001024,8436024,Ebenweiler,1274
84365001027,8436027,Eichstegen,521
84365001032,8436032,Fleischwangen,684
84365001040,8436040,Guggenhausen,179
84365001047,8436047,Hoßkirch,718
84365001053,8436053,Königseggwald,688
84365001067,8436067,Riedhausen,772
84365001077,8436077,Unterwaldhausen,282
84365001093,8436093,Ebersbach-Musbach,1692
84365002009,8436009,"Bad Waldsee, Stadt",20257
84365002014,8436014,Bergatreute,3154
84365003018,8436018,Bodnegg,3080
84365003039,8436039,Grünkraut,3089
84365003069,8436069,Schlier,3898
84365003079,8436079,Waldburg,3260
84365004003,8436003,Aichstetten,2845
84365004004,8436004,Aitrach,2809
84365004055,8436055,"Leutkirch im Allgäu, Stadt",23517
84365005011,8436011,Baienfurt,7137
84365005012,8436012,Baindt,5264
84365005013,8436013,Berg (Landkreis Ravensburg),4397
84365005064,8436064,"Ravensburg, Stadt",49896
84365005082,8436082,"Weingarten, Stadt",24640
84365006078,8436078,Vogt,4661
84365006085,8436085,Wolfegg,3804
84365007001,8436001,Achberg,1730
84365007006,8436006,Amtzell,4186
84365007081,8436081,"Wangen im Allgäu, Stadt",27553
84365008083,8436083,Wilhelmsdorf (Landkreis Ravensburg),4692
84365008095,8436095,Horgenzell,5652
84365009087,8436087,Wolpertswende,4052
84365009096,8436096,Fronreute,4872
84370086086,8437086,Ostrach,6952
84375001031,8437031,"Gammertingen, Stadt",6212
84375001047,8437047,"Hettingen, Stadt",1787
84375001082,8437082,Neufra,1839
84375001114,8437114,"Veringenstadt, Stadt",2148
84375002053,8437053,Hohentengen,4215
84375002076,8437076,"Mengen, Stadt",10014
84375002101,8437101,"Scheer, Stadt",2464
84375003072,8437072,Leibertingen,2192
84375003078,8437078,"Meßkirch, Stadt",8558
84375003123,8437123,Sauldorf,2581
84375004056,8437056,Illmensee,2025
84375004088,8437088,"Pfullendorf, Stadt",13233
84375004118,8437118,Wald (Landkreis Sigmaringen),2639
84375004124,8437124,Herdwangen-Schönach,3359
84375005044,8437044,Herbertingen,4783
84375005100,8437100,"Bad Saulgau, Stadt",17975
84375006005,8437005,Beuron,673
84375006008,8437008,Bingen,2714
84375006059,8437059,Inzigkofen,2918
84375006065,8437065,Krauchenwies,4985
84375006104,8437104,"Sigmaringen, Stadt",17141
84375006105,8437105,Sigmaringendorf,3733
84375007102,8437102,Schwenningen (Landkreis Sigmaringen),1655
84375007107,8437107,Stetten am kalten Markt,4720
